group_id	structure	center_size	coset_count	is_ac	adjacency
SmallGroup(128,1)	C128	128	1	true	
SmallGroup(128,5)	(C8 x C2) : C8	32	4	true	;3,4;2,4;2,3
SmallGroup(128,6)	(C4 x C4) : C8	8	16	false	;3,5,7,8,9,10,11,12,13,14,15,16;2,4,6,8,9,10,11,12,13,14,15,16;3,7,9,11,13,14,15,16;2,6,9,10,12,14,15,16;3,5,7,8,9,10,11,12,13,14,15,16;2,4,6,8,9,10,11,12,13,14,15,16;2,3,6,7,10,11,12,13;2,3,4,5,6,7,10,11,12,13,15,16;2,3,5,6,7,8,9,11,13,14,15,16;2,3,4,6,7,8,9,10,12,14,15,16;2,3,5,6,7,8,9,11,13,14,15,16;2,3,4,6,7,8,9,10,12,14,15,16;2,3,4,5,6,7,10,11,12,13,15,16;2,3,4,5,6,7,9,10,11,12,13,14;2,3,4,5,6,7,9,10,11,12,13,14
SmallGroup(128,7)	(C8 x C2) : C8	8	16	false	;3,5,7,8,9,10,11,12,13,14,15,16;2,4,6,8,9,10,11,12,13,14,15,16;3,7,9,11,13,14,15,16;2,6,9,10,12,14,15,16;3,5,7,8,9,10,11,12,13,14,15,16;2,4,6,8,9,10,11,12,13,14,15,16;2,3,6,7,10,11,12,13;2,3,4,5,6,7,10,11,12,13,15,16;2,3,5,6,7,8,9,11,13,14,15,16;2,3,4,6,7,8,9,10,12,14,15,16;2,3,5,6,7,8,9,11,13,14,15,16;2,3,4,6,7,8,9,10,12,14,15,16;2,3,4,5,6,7,10,11,12,13,15,16;2,3,4,5,6,7,9,10,11,12,13,14;2,3,4,5,6,7,9,10,11,12,13,14
SmallGroup(128,8)	(C4 x C4) : C8	16	8	true	;3,4,5,6,7,8;2,6,7,8;2,6,7,8;2,6,7,8;2,3,4,5,7,8;2,3,4,5,6,8;2,3,4,5,6,7
SmallGroup(128,9)	(C8 x C2) : C8	16	8	true	;3,4,5,6,7,8;2,6,7,8;2,6,7,8;2,6,7,8;2,3,4,5,7,8;2,3,4,5,6,8;2,3,4,5,6,7
SmallGroup(128,10)	(C8 : C2) : C8	16	8	true	;3,4,5,6,7,8;2,6,7,8;2,6,7,8;2,6,7,8;2,3,4,5,7,8;2,3,4,5,6,8;2,3,4,5,6,7
SmallGroup(128,11)	(C4 : C4) : C8	16	8	true	;3,4,5,6,7,8;2,6,7,8;2,6,7,8;2,6,7,8;2,3,4,5,7,8;2,3,4,5,6,8;2,3,4,5,6,7
SmallGroup(128,12)	(C4 x C2 x C2) : C8	8	16	false	;3,4,7,8,9,10,11,12,13,14,15,16;2,5,6,8,9,10,11,12,13,14,15,16;2,6,9,10,11,12,14,16;3,7,9,10,11,13,15,16;3,4,7,8,9,10,11,12,13,14,15,16;2,5,6,8,9,10,11,12,13,14,15,16;2,3,6,7,12,13,14,15;2,3,4,5,6,7,11,12,13,14,15,16;2,3,4,5,6,7,11,12,13,14,15,16;2,3,4,5,6,7,9,10,12,13,14,15;2,3,4,6,7,8,9,10,11,13,15,16;2,3,5,6,7,8,9,10,11,12,14,16;2,3,4,6,7,8,9,10,11,13,15,16;2,3,5,6,7,8,9,10,11,12,14,16;2,3,4,5,6,7,9,10,12,13,14,15
SmallGroup(128,13)	(C8 x C2) : C8	8	16	false	;3,4,7,8,9,10,11,12,13,14,15,16;2,5,6,8,9,10,11,12,13,14,15,16;2,6,9,10,11,12,14,16;3,7,9,10,11,13,15,16;3,4,7,8,9,10,11,12,13,14,15,16;2,5,6,8,9,10,11,12,13,14,15,16;2,3,6,7,12,13,14,15;2,3,4,5,6,7,11,12,13,14,15,16;2,3,4,5,6,7,11,12,13,14,15,16;2,3,4,5,6,7,9,10,12,13,14,15;2,3,4,6,7,8,9,10,11,13,15,16;2,3,5,6,7,8,9,10,11,12,14,16;2,3,4,6,7,8,9,10,11,13,15,16;2,3,5,6,7,8,9,10,11,12,14,16;2,3,4,5,6,7,9,10,12,13,14,15
SmallGroup(128,14)	((C4 x C2) : C2) : C8	8	16	false	;3,4,7,8,9,10,11,12,13,14,15,16;2,5,6,8,9,10,11,12,13,14,15,16;2,6,9,10,11,12,14,16;3,7,9,10,11,13,15,16;3,4,7,8,9,10,11,12,13,14,15,16;2,5,6,8,9,10,11,12,13,14,15,16;2,3,6,7,12,13,14,15;2,3,4,5,6,7,11,12,13,14,15,16;2,3,4,5,6,7,11,12,13,14,15,16;2,3,4,5,6,7,9,10,12,13,14,15;2,3,4,6,7,8,9,10,11,13,15,16;2,3,5,6,7,8,9,10,11,12,14,16;2,3,4,6,7,8,9,10,11,13,15,16;2,3,5,6,7,8,9,10,11,12,14,16;2,3,4,5,6,7,9,10,12,13,14,15
SmallGroup(128,15)	(C8 : C2) : C8	8	16	false	;3,4,7,8,9,10,11,12,13,14,15,16;2,5,6,8,9,10,11,12,13,14,15,16;2,6,9,10,11,12,14,16;3,7,9,10,11,13,15,16;3,4,7,8,9,10,11,12,13,14,15,16;2,5,6,8,9,10,11,12,13,14,15,16;2,3,6,7,12,13,14,15;2,3,4,5,6,7,11,12,13,14,15,16;2,3,4,5,6,7,11,12,13,14,15,16;2,3,4,5,6,7,9,10,12,13,14,15;2,3,4,6,7,8,9,10,11,13,15,16;2,3,5,6,7,8,9,10,11,12,14,16;2,3,4,6,7,8,9,10,11,13,15,16;2,3,5,6,7,8,9,10,11,12,14,16;2,3,4,5,6,7,9,10,12,13,14,15
SmallGroup(128,42)	C16 x C8	128	1	true	
SmallGroup(128,43)	C16 : C8	32	4	true	;3,4;2,4;2,3
SmallGroup(128,44)	C8 : C16	32	4	true	;3,4;2,4;2,3
SmallGroup(128,45)	C16 : C8	8	16	false	;3,5,7,8,9,10,11,12,13,14,15,16;2,4,6,8,9,10,11,12,13,14,15,16;3,7,9,11,13,14,15,16;2,6,9,10,12,14,15,16;3,5,7,8,9,10,11,12,13,14,15,16;2,4,6,8,9,10,11,12,13,14,15,16;2,3,6,7,10,11,12,13;2,3,4,5,6,7,10,11,12,13,15,16;2,3,5,6,7,8,9,11,13,14,15,16;2,3,4,6,7,8,9,10,12,14,15,16;2,3,5,6,7,8,9,11,13,14,15,16;2,3,4,6,7,8,9,10,12,14,15,16;2,3,4,5,6,7,10,11,12,13,15,16;2,3,4,5,6,7,9,10,11,12,13,14;2,3,4,5,6,7,9,10,11,12,13,14
SmallGroup(128,46)	(C2 x C2 x C2) : C16	8	16	false	;3,4,7,8,9,10,11,12,13,14,15,16;2,5,6,8,9,10,11,12,13,14,15,16;2,6,9,10,11,12,14,16;3,7,9,10,11,13,15,16;3,4,7,8,9,10,11,12,13,14,15,16;2,5,6,8,9,10,11,12,13,14,15,16;2,3,6,7,12,13,14,15;2,3,4,5,6,7,11,12,13,14,15,16;2,3,4,5,6,7,11,12,13,14,15,16;2,3,4,5,6,7,9,10,12,13,14,15;2,3,4,6,7,8,9,10,11,13,15,16;2,3,5,6,7,8,9,10,11,12,14,16;2,3,4,6,7,8,9,10,11,13,15,16;2,3,5,6,7,8,9,10,11,12,14,16;2,3,4,5,6,7,9,10,12,13,14,15
SmallGroup(128,54)	(C4 x C2) : C16	8	16	false	;3,4,7,8,9,10,11,12,13,14,15,16;2,5,6,8,9,10,11,12,13,14,15,16;2,6,9,10,11,12,14,16;3,7,9,10,11,13,15,16;3,4,7,8,9,10,11,12,13,14,15,16;2,5,6,8,9,10,11,12,13,14,15,16;2,3,6,7,12,13,14,15;2,3,4,5,6,7,11,12,13,14,15,16;2,3,4,5,6,7,11,12,13,14,15,16;2,3,4,5,6,7,9,10,12,13,14,15;2,3,4,6,7,8,9,10,11,13,15,16;2,3,5,6,7,8,9,10,11,12,14,16;2,3,4,6,7,8,9,10,11,13,15,16;2,3,5,6,7,8,9,10,11,12,14,16;2,3,4,5,6,7,9,10,12,13,14,15
SmallGroup(128,61)	D8 : C16	16	8	true	;3,4,5,6,7,8;2,4,5,6,7,8;2,3,7,8;2,3,7,8;2,3,7,8;2,3,4,5,6,8;2,3,4,5,6,7
SmallGroup(128,69)	Q8 : C16	16	8	true	;3,4,5,6,7,8;2,4,5,6,7,8;2,3,7,8;2,3,7,8;2,3,7,8;2,3,4,5,6,8;2,3,4,5,6,7
SmallGroup(128,99)	C8 : C16	16	8	true	;3,4,5,6,7,8;2,5,7,8;2,5,7,8;2,3,4,6,7,8;2,5,7,8;2,3,4,5,6,8;2,3,4,5,6,7
SmallGroup(128,102)	C8 : C16	16	8	true	;3,4,5,6,7,8;2,5,7,8;2,5,7,8;2,3,4,6,7,8;2,5,7,8;2,3,4,5,6,8;2,3,4,5,6,7
SmallGroup(128,106)	(C4 x C2) : C16	32	4	true	;3,4;2,4;2,3
SmallGroup(128,107)	(C16 x C2) : C4	8	16	false	;3,5,7,8,9,10,11,12,13,14,15,16;2,4,6,8,9,10,11,12,13,14,15,16;3,7,9,11,13,14,15,16;2,6,9,10,12,14,15,16;3,5,7,8,9,10,11,12,13,14,15,16;2,4,6,8,9,10,11,12,13,14,15,16;2,3,6,7,10,11,12,13;2,3,4,5,6,7,10,11,12,13,15,16;2,3,5,6,7,8,9,11,13,14,15,16;2,3,4,6,7,8,9,10,12,14,15,16;2,3,5,6,7,8,9,11,13,14,15,16;2,3,4,6,7,8,9,10,12,14,15,16;2,3,4,5,6,7,10,11,12,13,15,16;2,3,4,5,6,7,9,10,11,12,13,14;2,3,4,5,6,7,9,10,11,12,13,14
SmallGroup(128,108)	(C16 : C2) : C4	16	8	true	;3,4,5,6,7,8;2,6,7,8;2,6,7,8;2,6,7,8;2,3,4,5,7,8;2,3,4,5,6,8;2,3,4,5,6,7
SmallGroup(128,109)	(C16 : C2) : C4	8	16	false	;3,4,7,8,9,10,11,12,13,14,15,16;2,5,6,8,9,10,11,12,13,14,15,16;2,6,9,10,11,12,14,16;3,7,9,10,11,13,15,16;3,4,7,8,9,10,11,12,13,14,15,16;2,5,6,8,9,10,11,12,13,14,15,16;2,3,6,7,12,13,14,15;2,3,4,5,6,7,11,12,13,14,15,16;2,3,4,5,6,7,11,12,13,14,15,16;2,3,4,5,6,7,9,10,12,13,14,15;2,3,4,6,7,8,9,10,11,13,15,16;2,3,5,6,7,8,9,10,11,12,14,16;2,3,4,6,7,8,9,10,11,13,15,16;2,3,5,6,7,8,9,10,11,12,14,16;2,3,4,5,6,7,9,10,12,13,14,15
SmallGroup(128,110)	(C16 : C2) : C4	8	16	false	;3,5,7,8,9,10,11,12,13,14,15,16;2,4,6,8,9,10,11,12,13,14,15,16;3,7,9,10,11,13,15,16;2,6,9,10,11,12,14,16;3,5,7,8,9,10,11,12,13,14,15,16;2,4,6,8,9,10,11,12,13,14,15,16;2,3,6,7,12,13,14,15;2,3,4,5,6,7,11,12,13,14,15,16;2,3,4,5,6,7,11,12,13,14,15,16;2,3,4,5,6,7,9,10,12,13,14,15;2,3,5,6,7,8,9,10,11,13,15,16;2,3,4,6,7,8,9,10,11,12,14,16;2,3,5,6,7,8,9,10,11,13,15,16;2,3,4,6,7,8,9,10,11,12,14,16;2,3,4,5,6,7,9,10,12,13,14,15
SmallGroup(128,111)	(C16 : C2) : C4	16	8	true	;3,6,7,8;2,4,5,6,7,8;3,6,7,8;3,6,7,8;2,3,4,5,7,8;2,3,4,5,6,8;2,3,4,5,6,7
SmallGroup(128,128)	C32 x C4	128	1	true	
SmallGroup(128,129)	C32 : C4	32	4	true	;3,4;2,4;2,3
SmallGroup(128,130)	C32 : C4	8	16	false	;3,5,7,8,9,10,11,12,13,14,15,16;2,4,6,8,9,10,11,12,13,14,15,16;3,7,9,11,13,14,15,16;2,6,9,10,12,14,15,16;3,5,7,8,9,10,11,12,13,14,15,16;2,4,6,8,9,10,11,12,13,14,15,16;2,3,6,7,10,11,12,13;2,3,4,5,6,7,10,11,12,13,15,16;2,3,5,6,7,8,9,11,13,14,15,16;2,3,4,6,7,8,9,10,12,14,15,16;2,3,5,6,7,8,9,11,13,14,15,16;2,3,4,6,7,8,9,10,12,14,15,16;2,3,4,5,6,7,10,11,12,13,15,16;2,3,4,5,6,7,9,10,11,12,13,14;2,3,4,5,6,7,9,10,11,12,13,14
SmallGroup(128,131)	(C2 x C2) : C32	32	4	true	;3,4;2,4;2,3
SmallGroup(128,132)	(C32 : C2) : C2	8	16	false	;3,4,7,8,9,10,11,12,13,14,15,16;2,5,6,8,9,10,11,12,13,14,15,16;2,6,9,10,11,12,14,16;3,7,9,10,11,13,15,16;3,4,7,8,9,10,11,12,13,14,15,16;2,5,6,8,9,10,11,12,13,14,15,16;2,3,6,7,12,13,14,15;2,3,4,5,6,7,11,12,13,14,15,16;2,3,4,5,6,7,11,12,13,14,15,16;2,3,4,5,6,7,9,10,12,13,14,15;2,3,4,6,7,8,9,10,11,13,15,16;2,3,5,6,7,8,9,10,11,12,14,16;2,3,4,6,7,8,9,10,11,13,15,16;2,3,5,6,7,8,9,10,11,12,14,16;2,3,4,5,6,7,9,10,12,13,14,15
SmallGroup(128,133)	(C32 : C2) : C2	16	8	true	;3,6,7,8;2,4,5,6,7,8;3,6,7,8;3,6,7,8;2,3,4,5,7,8;2,3,4,5,6,8;2,3,4,5,6,7
SmallGroup(128,153)	C4 : C32	32	4	true	;3,4;2,4;2,3
SmallGroup(128,154)	C16 . D8 = C4 . (C16 x C2)	16	8	true	;3,4,5,6,7,8;2,5,7,8;2,5,7,8;2,3,4,6,7,8;2,5,7,8;2,3,4,5,6,8;2,3,4,5,6,7
SmallGroup(128,159)	C64 x C2	128	1	true	
SmallGroup(128,160)	C64 : C2	32	4	true	;3,4;2,4;2,3
SmallGroup(128,164)	C4 x ((C4 x C2) : C4)	32	4	true	;3,4;2,4;2,3
SmallGroup(128,165)	(C2 x C2) : ((C4 x C2) : C4)	16	8	true	;3,4,5,6,7,8;2,6,7,8;2,6,7,8;2,6,7,8;2,3,4,5,7,8;2,3,4,5,6,8;2,3,4,5,6,7
SmallGroup(128,166)	((C4 x C2) : C4) : C4	16	8	true	;3,4,5,6,7,8;2,6,7,8;2,6,7,8;2,6,7,8;2,3,4,5,7,8;2,3,4,5,6,8;2,3,4,5,6,7
SmallGroup(128,167)	C4 : ((C4 x C2) : C4)	16	8	true	;3,4,5,6,7,8;2,6,7,8;2,6,7,8;2,6,7,8;2,3,4,5,7,8;2,3,4,5,6,8;2,3,4,5,6,7
SmallGroup(128,168)	(C4 x C2) : (C4 x C4)	16	8	true	;3,4,5,6,7,8;2,6,7,8;2,6,7,8;2,6,7,8;2,3,4,5,7,8;2,3,4,5,6,8;2,3,4,5,6,7
SmallGroup(128,169)	(C2 x C2 x C2) : (C4 x C4)	16	8	true	;3,4,5,6,7,8;2,6,7,8;2,6,7,8;2,6,7,8;2,3,4,5,7,8;2,3,4,5,6,8;2,3,4,5,6,7
SmallGroup(128,179)	C8 x C8 x C2	128	1	true	
SmallGroup(128,180)	C2 x (C8 : C8)	32	4	true	;3,4;2,4;2,3
SmallGroup(128,181)	C8 x (C8 : C2)	32	4	true	;3,4;2,4;2,3
SmallGroup(128,182)	(C8 x C2) : C8	32	4	true	;3,4;2,4;2,3
SmallGroup(128,183)	C8 : (C8 : C2)	16	8	true	;3,4,5,6,7,8;2,6,7,8;2,6,7,8;2,6,7,8;2,3,4,5,7,8;2,3,4,5,6,8;2,3,4,5,6,7
SmallGroup(128,184)	(C8 : C8) : C2	16	8	true	;3,6,7,8;2,4,5,6,7,8;3,6,7,8;3,6,7,8;2,3,4,5,7,8;2,3,4,5,6,8;2,3,4,5,6,7
SmallGroup(128,185)	(C8 : C8) : C2	16	8	true	;4,6,7,8;4,6,7,8;2,3,5,6,7,8;4,6,7,8;2,3,4,5,7,8;2,3,4,5,6,8;2,3,4,5,6,7
SmallGroup(128,186)	(C8 : C8) : C2	16	8	true	;4,6,7,8;4,6,7,8;2,3,5,6,7,8;4,6,7,8;2,3,4,5,7,8;2,3,4,5,6,8;2,3,4,5,6,7
SmallGroup(128,187)	C8 : (C8 : C2)	16	8	true	;4,6,7,8;4,6,7,8;2,3,5,6,7,8;4,6,7,8;2,3,4,5,7,8;2,3,4,5,6,8;2,3,4,5,6,7
SmallGroup(128,188)	C2 x ((C2 x C2 x C2) : C8)	8	16	false	;3,4,7,8,9,10,11,12,13,14,15,16;2,5,6,8,9,10,11,12,13,14,15,16;2,6,9,10,11,12,14,16;3,7,9,10,11,13,15,16;3,4,7,8,9,10,11,12,13,14,15,16;2,5,6,8,9,10,11,12,13,14,15,16;2,3,6,7,12,13,14,15;2,3,4,5,6,7,11,12,13,14,15,16;2,3,4,5,6,7,11,12,13,14,15,16;2,3,4,5,6,7,9,10,12,13,14,15;2,3,4,6,7,8,9,10,11,13,15,16;2,3,5,6,7,8,9,10,11,12,14,16;2,3,4,6,7,8,9,10,11,13,15,16;2,3,5,6,7,8,9,10,11,12,14,16;2,3,4,5,6,7,9,10,12,13,14,15
SmallGroup(128,189)	C2 x ((C4 x C2) : C8)	8	16	false	;3,4,7,8,9,10,11,12,13,14,15,16;2,5,6,8,9,10,11,12,13,14,15,16;2,6,9,10,11,12,14,16;3,7,9,10,11,13,15,16;3,4,7,8,9,10,11,12,13,14,15,16;2,5,6,8,9,10,11,12,13,14,15,16;2,3,6,7,12,13,14,15;2,3,4,5,6,7,11,12,13,14,15,16;2,3,4,5,6,7,11,12,13,14,15,16;2,3,4,5,6,7,9,10,12,13,14,15;2,3,4,6,7,8,9,10,11,13,15,16;2,3,5,6,7,8,9,10,11,12,14,16;2,3,4,6,7,8,9,10,11,13,15,16;2,3,5,6,7,8,9,10,11,12,14,16;2,3,4,5,6,7,9,10,12,13,14,15
SmallGroup(128,190)	(C4 x C2 x C2) : C8	8	16	false	;3,4,7,8,9,10,11,12,13,14,15,16;2,5,6,8,9,10,11,12,13,14,15,16;2,6,9,10,11,12,14,16;3,7,9,10,11,13,15,16;3,4,7,8,9,10,11,12,13,14,15,16;2,5,6,8,9,10,11,12,13,14,15,16;2,3,6,7,12,13,14,15;2,3,4,5,6,7,11,12,13,14,15,16;2,3,4,5,6,7,11,12,13,14,15,16;2,3,4,5,6,7,9,10,12,13,14,15;2,3,4,6,7,8,9,10,11,13,15,16;2,3,5,6,7,8,9,10,11,12,14,16;2,3,4,6,7,8,9,10,11,13,15,16;2,3,5,6,7,8,9,10,11,12,14,16;2,3,4,5,6,7,9,10,12,13,14,15
SmallGroup(128,191)	(C4 x C2) : (C8 x C2)	8	16	false	;3,4,7,8,9,10,11,12,13,14,15,16;2,5,6,8,9,10,11,12,13,14,15,16;2,6,9,10,11,12,14,16;3,7,9,10,11,13,15,16;3,4,7,8,9,10,11,12,13,14,15,16;2,5,6,8,9,10,11,12,13,14,15,16;2,3,6,7,12,13,14,15;2,3,4,5,6,7,11,12,13,14,15,16;2,3,4,5,6,7,11,12,13,14,15,16;2,3,4,5,6,7,9,10,12,13,14,15;2,3,4,6,7,8,9,10,11,13,15,16;2,3,5,6,7,8,9,10,11,12,14,16;2,3,4,6,7,8,9,10,11,13,15,16;2,3,5,6,7,8,9,10,11,12,14,16;2,3,4,5,6,7,9,10,12,13,14,15
SmallGroup(128,192)	(C2 x D8) : C8	8	16	false	;3,4,7,8,9,10,11,12,13,14,15,16;2,5,6,8,9,10,11,12,13,14,15,16;2,6,9,10,11,12,14,16;3,7,9,10,11,13,15,16;3,4,7,8,9,10,11,12,13,14,15,16;2,5,6,8,9,10,11,12,13,14,15,16;2,3,6,7,12,13,14,15;2,3,4,5,6,7,11,12,13,14,15,16;2,3,4,5,6,7,11,12,13,14,15,16;2,3,4,5,6,7,9,10,12,13,14,15;2,3,4,6,7,8,9,10,11,13,15,16;2,3,5,6,7,8,9,10,11,12,14,16;2,3,4,6,7,8,9,10,11,13,15,16;2,3,5,6,7,8,9,10,11,12,14,16;2,3,4,5,6,7,9,10,12,13,14,15
SmallGroup(128,193)	(C2 x Q8) : C8	8	16	false	;3,4,7,8,9,10,11,12,13,14,15,16;2,5,6,8,9,10,11,12,13,14,15,16;2,6,9,10,11,12,14,16;3,7,9,10,11,13,15,16;3,4,7,8,9,10,11,12,13,14,15,16;2,5,6,8,9,10,11,12,13,14,15,16;2,3,6,7,12,13,14,15;2,3,4,5,6,7,11,12,13,14,15,16;2,3,4,5,6,7,11,12,13,14,15,16;2,3,4,5,6,7,9,10,12,13,14,15;2,3,4,6,7,8,9,10,11,13,15,16;2,3,5,6,7,8,9,10,11,12,14,16;2,3,4,6,7,8,9,10,11,13,15,16;2,3,5,6,7,8,9,10,11,12,14,16;2,3,4,5,6,7,9,10,12,13,14,15
SmallGroup(128,206)	C2 x (D8 : C8)	16	8	true	;3,4,5,6,7,8;2,4,5,6,7,8;2,3,7,8;2,3,7,8;2,3,7,8;2,3,4,5,6,8;2,3,4,5,6,7
SmallGroup(128,207)	C2 x (Q8 : C8)	16	8	true	;3,4,5,6,7,8;2,4,5,6,7,8;2,3,7,8;2,3,7,8;2,3,7,8;2,3,4,5,6,8;2,3,4,5,6,7
SmallGroup(128,208)	Q8 : (C8 x C2)	16	8	true	;3,4,5,6,7,8;2,4,5,6,7,8;2,3,7,8;2,3,7,8;2,3,7,8;2,3,4,5,6,8;2,3,4,5,6,7
SmallGroup(128,209)	Q8 : (C8 x C2)	8	16	false	;3,5,7,8,9,10,11,12,13,14,15,16;2,4,5,6,8,9,10,11,13,14,15,16;3,8,9,10,12,13,14,16;2,3,6,11,12,13,14,15;3,5,7,8,9,10,11,12,13,14,15,16;2,6,8,9,10,11,15,16;2,3,4,6,7,9,10,11,12,13,14,15;2,3,4,6,7,8,11,12,13,14,15,16;2,3,4,6,7,8,11,12,13,14,15,16;2,3,5,6,7,8,9,10,12,13,14,16;2,4,5,6,8,9,10,11,13,14,15,16;2,3,4,5,6,8,9,10,11,12,15,16;2,3,4,5,6,8,9,10,11,12,15,16;2,3,5,6,7,8,9,10,12,13,14,16;2,3,4,6,7,9,10,11,12,13,14,15
SmallGroup(128,210)	(C2 x D8) : C8	8	16	false	;3,5,7,8,9,10,11,12,13,14,15,16;2,4,5,6,8,9,10,11,13,14,15,16;3,8,9,10,12,13,14,16;2,3,6,11,12,13,14,15;3,5,7,8,9,10,11,12,13,14,15,16;2,6,8,9,10,11,15,16;2,3,4,6,7,9,10,11,12,13,14,15;2,3,4,6,7,8,11,12,13,14,15,16;2,3,4,6,7,8,11,12,13,14,15,16;2,3,5,6,7,8,9,10,12,13,14,16;2,4,5,6,8,9,10,11,13,14,15,16;2,3,4,5,6,8,9,10,11,12,15,16;2,3,4,5,6,8,9,10,11,12,15,16;2,3,5,6,7,8,9,10,12,13,14,16;2,3,4,6,7,9,10,11,12,13,14,15
SmallGroup(128,211)	(C2 x Q8) : C8	8	16	false	;3,5,7,8,9,10,11,12,13,14,15,16;2,4,5,6,8,9,10,11,13,14,15,16;3,8,9,10,12,13,14,16;2,3,6,11,12,13,14,15;3,5,7,8,9,10,11,12,13,14,15,16;2,6,8,9,10,11,15,16;2,3,4,6,7,9,10,11,12,13,14,15;2,3,4,6,7,8,11,12,13,14,15,16;2,3,4,6,7,8,11,12,13,14,15,16;2,3,5,6,7,8,9,10,12,13,14,16;2,4,5,6,8,9,10,11,13,14,15,16;2,3,4,5,6,8,9,10,11,12,15,16;2,3,4,5,6,8,9,10,11,12,15,16;2,3,5,6,7,8,9,10,12,13,14,16;2,3,4,6,7,9,10,11,12,13,14,15
SmallGroup(128,294)	C2 x (C8 : C8)	16	8	true	;3,4,5,6,7,8;2,5,7,8;2,5,7,8;2,3,4,6,7,8;2,5,7,8;2,3,4,5,6,8;2,3,4,5,6,7
SmallGroup(128,295)	C2 x (C8 : C8)	16	8	true	;3,4,5,6,7,8;2,5,7,8;2,5,7,8;2,3,4,6,7,8;2,5,7,8;2,3,4,5,6,8;2,3,4,5,6,7
SmallGroup(128,296)	(C8 x C2) : C8	16	8	true	;3,4,5,6,7,8;2,5,7,8;2,5,7,8;2,3,4,6,7,8;2,5,7,8;2,3,4,5,6,8;2,3,4,5,6,7
SmallGroup(128,297)	C8 : (C8 x C2)	8	16	false	;3,5,6,8,9,10,11,12,13,14,15,16;2,4,6,7,9,10,11,12,13,14,15,16;3,6,8,10,12,13,15,16;2,6,7,10,11,13,14,16;2,3,4,5,7,8,10,11,12,13,14,15;3,5,6,8,9,10,11,12,13,14,15,16;2,4,6,7,9,10,11,12,13,14,15,16;2,3,7,8,11,12,14,15;2,3,4,5,6,7,8,11,12,14,15,16;2,3,5,6,7,8,9,10,12,13,15,16;2,3,4,6,7,8,9,10,11,13,14,16;2,3,4,5,6,7,8,11,12,14,15,16;2,3,5,6,7,8,9,10,12,13,15,16;2,3,4,6,7,8,9,10,11,13,14,16;2,3,4,5,7,8,10,11,12,13,14,15
SmallGroup(128,307)	C8 x D16	16	8	true	;3,4,5,6,7,8;2,4,5,6,7,8;2,3,7,8;2,3,7,8;2,3,7,8;2,3,4,5,6,8;2,3,4,5,6,7
SmallGroup(128,308)	C8 x QD16	16	8	true	;3,4,5,6,7,8;2,4,5,6,7,8;2,3,7,8;2,3,7,8;2,3,7,8;2,3,4,5,6,8;2,3,4,5,6,7
SmallGroup(128,309)	C8 x Q16	16	8	true	;3,4,5,6,7,8;2,4,5,6,7,8;2,3,7,8;2,3,7,8;2,3,7,8;2,3,4,5,6,8;2,3,4,5,6,7
SmallGroup(128,310)	C8 : (C8 x C2)	8	16	false	;3,4,5,6,8,9,10,12,13,14,15,16;2,5,7,8,9,10,11,12,13,14,15,16;2,8,9,10,11,12,13,16;2,3,6,11,12,13,14,15;2,5,7,8,9,10,11,12,13,14,15,16;3,6,8,9,10,14,15,16;2,3,4,6,7,9,10,11,12,13,14,15;2,3,4,6,7,8,11,12,13,14,15,16;2,3,4,6,7,8,11,12,13,14,15,16;3,4,5,6,8,9,10,12,13,14,15,16;2,3,4,5,6,8,9,10,11,14,15,16;2,3,4,5,6,8,9,10,11,14,15,16;2,3,5,6,7,8,9,10,11,12,13,16;2,3,5,6,7,8,9,10,11,12,13,16;2,3,4,6,7,9,10,11,12,13,14,15
SmallGroup(128,311)	Q16 : C8	8	16	false	;3,4,5,6,8,9,10,12,13,14,15,16;2,5,7,8,9,10,11,12,13,14,15,16;2,8,9,10,11,12,13,16;2,3,6,11,12,13,14,15;2,5,7,8,9,10,11,12,13,14,15,16;3,6,8,9,10,14,15,16;2,3,4,6,7,9,10,11,12,13,14,15;2,3,4,6,7,8,11,12,13,14,15,16;2,3,4,6,7,8,11,12,13,14,15,16;3,4,5,6,8,9,10,12,13,14,15,16;2,3,4,5,6,8,9,10,11,14,15,16;2,3,4,5,6,8,9,10,11,14,15,16;2,3,5,6,7,8,9,10,11,12,13,16;2,3,5,6,7,8,9,10,11,12,13,16;2,3,4,6,7,9,10,11,12,13,14,15
SmallGroup(128,312)	C8 : (C8 x C2)	8	16	false	;3,4,5,6,8,9,10,12,13,14,15,16;2,5,7,8,9,10,11,12,13,14,15,16;2,8,9,10,11,12,13,16;2,3,6,11,12,13,14,15;2,5,7,8,9,10,11,12,13,14,15,16;3,6,8,9,10,14,15,16;2,3,4,6,7,9,10,11,12,13,14,15;2,3,4,6,7,8,11,12,13,14,15,16;2,3,4,6,7,8,11,12,13,14,15,16;3,4,5,6,8,9,10,12,13,14,15,16;2,3,4,5,6,8,9,10,11,14,15,16;2,3,4,5,6,8,9,10,11,14,15,16;2,3,5,6,7,8,9,10,11,12,13,16;2,3,5,6,7,8,9,10,11,12,13,16;2,3,4,6,7,9,10,11,12,13,14,15
SmallGroup(128,456)	C8 x C4 x C4	128	1	true	
SmallGroup(128,457)	C4 x (C8 : C4)	32	4	true	;3,4;2,4;2,3
SmallGroup(128,458)	(C8 : C4) : C4	32	4	true	;3,4;2,4;2,3
SmallGroup(128,459)	C2 x ((C4 x C2) : C8)	32	4	true	;3,4;2,4;2,3
SmallGroup(128,460)	(C4 x C2) : (C8 : C2)	16	8	true	;3,4,5,6,7,8;2,6,7,8;2,6,7,8;2,6,7,8;2,3,4,5,7,8;2,3,4,5,6,8;2,3,4,5,6,7
SmallGroup(128,461)	(C2 x (C8 : C2)) : C4	16	8	true	;3,6,7,8;2,4,5,6,7,8;3,6,7,8;3,6,7,8;2,3,4,5,7,8;2,3,4,5,6,8;2,3,4,5,6,7
SmallGroup(128,462)	C2 x ((C8 x C2) : C4)	8	16	false	;3,5,7,8,9,10,11,12,13,14,15,16;2,4,6,8,9,10,11,12,13,14,15,16;3,7,9,11,13,14,15,16;2,6,9,10,12,14,15,16;3,5,7,8,9,10,11,12,13,14,15,16;2,4,6,8,9,10,11,12,13,14,15,16;2,3,6,7,10,11,12,13;2,3,4,5,6,7,10,11,12,13,15,16;2,3,5,6,7,8,9,11,13,14,15,16;2,3,4,6,7,8,9,10,12,14,15,16;2,3,5,6,7,8,9,11,13,14,15,16;2,3,4,6,7,8,9,10,12,14,15,16;2,3,4,5,6,7,10,11,12,13,15,16;2,3,4,5,6,7,9,10,11,12,13,14;2,3,4,5,6,7,9,10,11,12,13,14
SmallGroup(128,463)	C2 x (C4 . (C4 x C4))	8	16	false	;3,5,7,8,9,10,11,12,13,14,15,16;2,4,6,8,9,10,11,12,13,14,15,16;3,7,9,11,13,14,15,16;2,6,9,10,12,14,15,16;3,5,7,8,9,10,11,12,13,14,15,16;2,4,6,8,9,10,11,12,13,14,15,16;2,3,6,7,10,11,12,13;2,3,4,5,6,7,10,11,12,13,15,16;2,3,5,6,7,8,9,11,13,14,15,16;2,3,4,6,7,8,9,10,12,14,15,16;2,3,5,6,7,8,9,11,13,14,15,16;2,3,4,6,7,8,9,10,12,14,15,16;2,3,4,5,6,7,10,11,12,13,15,16;2,3,4,5,6,7,9,10,11,12,13,14;2,3,4,5,6,7,9,10,11,12,13,14
SmallGroup(128,464)	C2 x ((C8 : C2) : C4)	16	8	true	;3,4,5,6,7,8;2,6,7,8;2,6,7,8;2,6,7,8;2,3,4,5,7,8;2,3,4,5,6,8;2,3,4,5,6,7
SmallGroup(128,465)	(C8 : C2) : (C4 x C2)	8	16	false	;3,5,7,8,9,10,11,12,13,14,15,16;2,4,6,8,9,10,11,12,13,14,15,16;3,7,9,11,13,14,15,16;2,6,9,10,12,14,15,16;3,5,7,8,9,10,11,12,13,14,15,16;2,4,6,8,9,10,11,12,13,14,15,16;2,3,6,7,10,11,12,13;2,3,4,5,6,7,10,11,12,13,15,16;2,3,5,6,7,8,9,11,13,14,15,16;2,3,4,6,7,8,9,10,12,14,15,16;2,3,5,6,7,8,9,11,13,14,15,16;2,3,4,6,7,8,9,10,12,14,15,16;2,3,4,5,6,7,10,11,12,13,15,16;2,3,4,5,6,7,9,10,11,12,13,14;2,3,4,5,6,7,9,10,11,12,13,14
SmallGroup(128,466)	C2 x ((C4 : C4) : C4)	16	8	true	;3,4,5,6,7,8;2,6,7,8;2,6,7,8;2,6,7,8;2,3,4,5,7,8;2,3,4,5,6,8;2,3,4,5,6,7
SmallGroup(128,467)	((C4 x C4) : C2) : C4	16	8	true	;3,4,5,6,7,8;2,6,7,8;2,6,7,8;2,6,7,8;2,3,4,5,7,8;2,3,4,5,6,8;2,3,4,5,6,7
SmallGroup(128,468)	(C4 : C4) : (C4 x C2)	8	16	false	;3,5,7,8,9,10,11,12,13,14,15,16;2,4,6,8,9,10,11,12,13,14,15,16;3,7,9,11,13,14,15,16;2,6,9,10,12,14,15,16;3,5,7,8,9,10,11,12,13,14,15,16;2,4,6,8,9,10,11,12,13,14,15,16;2,3,6,7,10,11,12,13;2,3,4,5,6,7,10,11,12,13,15,16;2,3,5,6,7,8,9,11,13,14,15,16;2,3,4,6,7,8,9,10,12,14,15,16;2,3,5,6,7,8,9,11,13,14,15,16;2,3,4,6,7,8,9,10,12,14,15,16;2,3,4,5,6,7,10,11,12,13,15,16;2,3,4,5,6,7,9,10,11,12,13,14;2,3,4,5,6,7,9,10,11,12,13,14
SmallGroup(128,469)	C2 x ((C4 x C2) . D8 = C4 . (C4 x C4))	16	8	true	;3,4,5,6,7,8;2,6,7,8;2,6,7,8;2,6,7,8;2,3,4,5,7,8;2,3,4,5,6,8;2,3,4,5,6,7
SmallGroup(128,470)	((C4 x C2) . D8 = C4 . (C4 x C4)) : C2	8	16	false	;3,5,7,8,9,10,11,12,13,14,15,16;2,4,6,8,9,10,11,12,13,14,15,16;3,7,9,11,13,14,15,16;2,6,9,10,12,14,15,16;3,5,7,8,9,10,11,12,13,14,15,16;2,4,6,8,9,10,11,12,13,14,15,16;2,3,6,7,10,11,12,13;2,3,4,5,6,7,10,11,12,13,15,16;2,3,5,6,7,8,9,11,13,14,15,16;2,3,4,6,7,8,9,10,12,14,15,16;2,3,5,6,7,8,9,11,13,14,15,16;2,3,4,6,7,8,9,10,12,14,15,16;2,3,4,5,6,7,10,11,12,13,15,16;2,3,4,5,6,7,9,10,11,12,13,14;2,3,4,5,6,7,9,10,11,12,13,14
SmallGroup(128,471)	C2 x (((C4 x C2) : C2) : C4)	8	16	false	;3,4,7,8,9,10,11,12,13,14,15,16;2,5,6,8,9,10,11,12,13,14,15,16;2,6,9,10,11,12,14,16;3,7,9,10,11,13,15,16;3,4,7,8,9,10,11,12,13,14,15,16;2,5,6,8,9,10,11,12,13,14,15,16;2,3,6,7,12,13,14,15;2,3,4,5,6,7,11,12,13,14,15,16;2,3,4,5,6,7,11,12,13,14,15,16;2,3,4,5,6,7,9,10,12,13,14,15;2,3,4,6,7,8,9,10,11,13,15,16;2,3,5,6,7,8,9,10,11,12,14,16;2,3,4,6,7,8,9,10,11,13,15,16;2,3,5,6,7,8,9,10,11,12,14,16;2,3,4,5,6,7,9,10,12,13,14,15
SmallGroup(128,472)	((C4 x C4) : C2) : C4	8	16	false	;3,4,7,8,9,10,11,12,13,14,15,16;2,5,6,8,9,10,11,12,13,14,15,16;2,6,9,10,11,12,14,16;3,7,9,10,11,13,15,16;3,4,7,8,9,10,11,12,13,14,15,16;2,5,6,8,9,10,11,12,13,14,15,16;2,3,6,7,12,13,14,15;2,3,4,5,6,7,11,12,13,14,15,16;2,3,4,5,6,7,11,12,13,14,15,16;2,3,4,5,6,7,9,10,12,13,14,15;2,3,4,6,7,8,9,10,11,13,15,16;2,3,5,6,7,8,9,10,11,12,14,16;2,3,4,6,7,8,9,10,11,13,15,16;2,3,5,6,7,8,9,10,11,12,14,16;2,3,4,5,6,7,9,10,12,13,14,15
SmallGroup(128,473)	C2 x ((C8 : C2) : C4)	8	16	false	;3,4,7,8,9,10,11,12,13,14,15,16;2,5,6,8,9,10,11,12,13,14,15,16;2,6,9,10,11,12,14,16;3,7,9,10,11,13,15,16;3,4,7,8,9,10,11,12,13,14,15,16;2,5,6,8,9,10,11,12,13,14,15,16;2,3,6,7,12,13,14,15;2,3,4,5,6,7,11,12,13,14,15,16;2,3,4,5,6,7,11,12,13,14,15,16;2,3,4,5,6,7,9,10,12,13,14,15;2,3,4,6,7,8,9,10,11,13,15,16;2,3,5,6,7,8,9,10,11,12,14,16;2,3,4,6,7,8,9,10,11,13,15,16;2,3,5,6,7,8,9,10,11,12,14,16;2,3,4,5,6,7,9,10,12,13,14,15
SmallGroup(128,474)	(C2 x (C8 : C2)) : C4	8	16	false	;3,4,7,8,9,10,11,12,13,14,15,16;2,5,6,8,9,10,11,12,13,14,15,16;2,6,9,10,11,12,14,16;3,7,9,10,11,13,15,16;3,4,7,8,9,10,11,12,13,14,15,16;2,5,6,8,9,10,11,12,13,14,15,16;2,3,6,7,12,13,14,15;2,3,4,5,6,7,11,12,13,14,15,16;2,3,4,5,6,7,11,12,13,14,15,16;2,3,4,5,6,7,9,10,12,13,14,15;2,3,4,6,7,8,9,10,11,13,15,16;2,3,5,6,7,8,9,10,11,12,14,16;2,3,4,6,7,8,9,10,11,13,15,16;2,3,5,6,7,8,9,10,11,12,14,16;2,3,4,5,6,7,9,10,12,13,14,15
SmallGroup(128,475)	C2 x ((C8 : C2) : C4)	8	16	false	;3,4,7,8,9,10,11,12,13,14,15,16;2,5,6,8,9,10,11,12,13,14,15,16;2,6,9,10,11,12,14,16;3,7,9,10,11,13,15,16;3,4,7,8,9,10,11,12,13,14,15,16;2,5,6,8,9,10,11,12,13,14,15,16;2,3,6,7,12,13,14,15;2,3,4,5,6,7,11,12,13,14,15,16;2,3,4,5,6,7,11,12,13,14,15,16;2,3,4,5,6,7,9,10,12,13,14,15;2,3,4,6,7,8,9,10,11,13,15,16;2,3,5,6,7,8,9,10,11,12,14,16;2,3,4,6,7,8,9,10,11,13,15,16;2,3,5,6,7,8,9,10,11,12,14,16;2,3,4,5,6,7,9,10,12,13,14,15
SmallGroup(128,476)	(C4 x C4) : C8	32	4	true	;3,4;2,4;2,3
SmallGroup(128,477)	(C8 : C4) : C4	16	8	true	;3,4,5,6,7,8;2,6,7,8;2,6,7,8;2,6,7,8;2,3,4,5,7,8;2,3,4,5,6,8;2,3,4,5,6,7
SmallGroup(128,478)	(C8 : C4) : C4	16	8	true	;3,6,7,8;2,4,5,6,7,8;3,6,7,8;3,6,7,8;2,3,4,5,7,8;2,3,4,5,6,8;2,3,4,5,6,7
SmallGroup(128,479)	(C8 : C4) : C4	8	16	false	;3,5,7,8,9,10,11,12,13,14,15,16;2,4,6,8,9,10,11,12,13,14,15,16;3,7,9,11,13,14,15,16;2,6,9,10,12,14,15,16;3,5,7,8,9,10,11,12,13,14,15,16;2,4,6,8,9,10,11,12,13,14,15,16;2,3,6,7,10,11,12,13;2,3,4,5,6,7,10,11,12,13,15,16;2,3,5,6,7,8,9,11,13,14,15,16;2,3,4,6,7,8,9,10,12,14,15,16;2,3,5,6,7,8,9,11,13,14,15,16;2,3,4,6,7,8,9,10,12,14,15,16;2,3,4,5,6,7,10,11,12,13,15,16;2,3,4,5,6,7,9,10,11,12,13,14;2,3,4,5,6,7,9,10,11,12,13,14
SmallGroup(128,480)	C4 x ((C8 x C2) : C2)	32	4	true	;3,4;2,4;2,3
SmallGroup(128,481)	(C2 x C2) : (C8 : C4)	16	8	true	;3,6,7,8;2,4,5,6,7,8;3,6,7,8;3,6,7,8;2,3,4,5,7,8;2,3,4,5,6,8;2,3,4,5,6,7
SmallGroup(128,482)	((C8 x C2) : C2) : C4	16	8	true	;3,4,5,6,7,8;2,6,7,8;2,6,7,8;2,6,7,8;2,3,4,5,7,8;2,3,4,5,6,8;2,3,4,5,6,7
SmallGroup(128,483)	C8 x ((C4 x C2) : C2)	32	4	true	;3,4;2,4;2,3
SmallGroup(128,484)	(C2 x C2) : (C8 : C4)	16	8	true	;3,6,7,8;2,4,5,6,7,8;3,6,7,8;3,6,7,8;2,3,4,5,7,8;2,3,4,5,6,8;2,3,4,5,6,7
SmallGroup(128,485)	(C4 x C2) : (C8 : C2)	16	8	true	;3,4,5,6,7,8;2,6,7,8;2,6,7,8;2,6,7,8;2,3,4,5,7,8;2,3,4,5,6,8;2,3,4,5,6,7
SmallGroup(128,486)	C4 x ((C2 x C2 x C2) : C4)	8	16	false	;3,5,7,8,9,10,11,12,13,14,15,16;2,4,6,8,9,10,11,12,13,14,15,16;3,7,9,10,11,13,15,16;2,6,9,10,11,12,14,16;3,5,7,8,9,10,11,12,13,14,15,16;2,4,6,8,9,10,11,12,13,14,15,16;2,3,6,7,12,13,14,15;2,3,4,5,6,7,11,12,13,14,15,16;2,3,4,5,6,7,11,12,13,14,15,16;2,3,4,5,6,7,9,10,12,13,14,15;2,3,5,6,7,8,9,10,11,13,15,16;2,3,4,6,7,8,9,10,11,12,14,16;2,3,5,6,7,8,9,10,11,13,15,16;2,3,4,6,7,8,9,10,11,12,14,16;2,3,4,5,6,7,9,10,12,13,14,15
SmallGroup(128,487)	C4 x ((C8 : C2) : C2)	8	16	false	;3,5,7,8,9,10,11,12,13,14,15,16;2,4,6,8,9,10,11,12,13,14,15,16;3,7,9,10,11,13,15,16;2,6,9,10,11,12,14,16;3,5,7,8,9,10,11,12,13,14,15,16;2,4,6,8,9,10,11,12,13,14,15,16;2,3,6,7,12,13,14,15;2,3,4,5,6,7,11,12,13,14,15,16;2,3,4,5,6,7,11,12,13,14,15,16;2,3,4,5,6,7,9,10,12,13,14,15;2,3,5,6,7,8,9,10,11,13,15,16;2,3,4,6,7,8,9,10,11,12,14,16;2,3,5,6,7,8,9,10,11,13,15,16;2,3,4,6,7,8,9,10,11,12,14,16;2,3,4,5,6,7,9,10,12,13,14,15
SmallGroup(128,488)	C4 x (C2 . ((C4 x C2) : C2) = (C2 x C2) . (C4 x C2))	8	16	false	;3,5,7,8,9,10,11,12,13,14,15,16;2,4,6,8,9,10,11,12,13,14,15,16;3,7,9,10,11,13,15,16;2,6,9,10,11,12,14,16;3,5,7,8,9,10,11,12,13,14,15,16;2,4,6,8,9,10,11,12,13,14,15,16;2,3,6,7,12,13,14,15;2,3,4,5,6,7,11,12,13,14,15,16;2,3,4,5,6,7,11,12,13,14,15,16;2,3,4,5,6,7,9,10,12,13,14,15;2,3,5,6,7,8,9,10,11,13,15,16;2,3,4,6,7,8,9,10,11,12,14,16;2,3,5,6,7,8,9,10,11,13,15,16;2,3,4,6,7,8,9,10,11,12,14,16;2,3,4,5,6,7,9,10,12,13,14,15
SmallGroup(128,489)	((C8 : C2) : C2) : C4	8	16	false	;3,5,7,8,9,10,11,12,13,14,15,16;2,4,6,8,9,10,11,12,13,14,15,16;3,7,9,10,11,13,15,16;2,6,9,10,11,12,14,16;3,5,7,8,9,10,11,12,13,14,15,16;2,4,6,8,9,10,11,12,13,14,15,16;2,3,6,7,12,13,14,15;2,3,4,5,6,7,11,12,13,14,15,16;2,3,4,5,6,7,11,12,13,14,15,16;2,3,4,5,6,7,9,10,12,13,14,15;2,3,5,6,7,8,9,10,11,13,15,16;2,3,4,6,7,8,9,10,11,12,14,16;2,3,5,6,7,8,9,10,11,13,15,16;2,3,4,6,7,8,9,10,11,12,14,16;2,3,4,5,6,7,9,10,12,13,14,15
SmallGroup(128,490)	C4 x ((C4 x C4) : C2)	16	8	true	;3,4,5,6,7,8;2,6,7,8;2,6,7,8;2,6,7,8;2,3,4,5,7,8;2,3,4,5,6,8;2,3,4,5,6,7
SmallGroup(128,491)	(C8 : C2) : (C4 x C2)	8	16	false	;3,5,7,8,9,10,11,12,13,14,15,16;2,4,6,8,9,10,11,12,13,14,15,16;3,7,9,11,13,14,15,16;2,6,9,10,12,14,15,16;3,5,7,8,9,10,11,12,13,14,15,16;2,4,6,8,9,10,11,12,13,14,15,16;2,3,6,7,10,11,12,13;2,3,4,5,6,7,10,11,12,13,15,16;2,3,5,6,7,8,9,11,13,14,15,16;2,3,4,6,7,8,9,10,12,14,15,16;2,3,5,6,7,8,9,11,13,14,15,16;2,3,4,6,7,8,9,10,12,14,15,16;2,3,4,5,6,7,10,11,12,13,15,16;2,3,4,5,6,7,9,10,11,12,13,14;2,3,4,5,6,7,9,10,11,12,13,14
SmallGroup(128,492)	C4 x ((C8 x C2) : C2)	16	8	true	;3,4,5,6,7,8;2,6,7,8;2,6,7,8;2,6,7,8;2,3,4,5,7,8;2,3,4,5,6,8;2,3,4,5,6,7
SmallGroup(128,493)	C4 x (Q8 : C4)	16	8	true	;3,4,5,6,7,8;2,6,7,8;2,6,7,8;2,6,7,8;2,3,4,5,7,8;2,3,4,5,6,8;2,3,4,5,6,7
SmallGroup(128,494)	D8 : (C4 x C4)	8	16	false	;3,5,7,8,9,10,11,12,13,14,15,16;2,4,6,8,9,10,11,12,13,14,15,16;3,7,9,11,13,14,15,16;2,6,9,10,12,14,15,16;3,5,7,8,9,10,11,12,13,14,15,16;2,4,6,8,9,10,11,12,13,14,15,16;2,3,6,7,10,11,12,13;2,3,4,5,6,7,10,11,12,13,15,16;2,3,5,6,7,8,9,11,13,14,15,16;2,3,4,6,7,8,9,10,12,14,15,16;2,3,5,6,7,8,9,11,13,14,15,16;2,3,4,6,7,8,9,10,12,14,15,16;2,3,4,5,6,7,10,11,12,13,15,16;2,3,4,5,6,7,9,10,11,12,13,14;2,3,4,5,6,7,9,10,11,12,13,14
SmallGroup(128,495)	Q8 : (C4 x C4)	8	16	false	;3,5,7,8,9,10,11,12,13,14,15,16;2,4,6,8,9,10,11,12,13,14,15,16;3,7,9,11,13,14,15,16;2,6,9,10,12,14,15,16;3,5,7,8,9,10,11,12,13,14,15,16;2,4,6,8,9,10,11,12,13,14,15,16;2,3,6,7,10,11,12,13;2,3,4,5,6,7,10,11,12,13,15,16;2,3,5,6,7,8,9,11,13,14,15,16;2,3,4,6,7,8,9,10,12,14,15,16;2,3,5,6,7,8,9,11,13,14,15,16;2,3,4,6,7,8,9,10,12,14,15,16;2,3,4,5,6,7,10,11,12,13,15,16;2,3,4,5,6,7,9,10,11,12,13,14;2,3,4,5,6,7,9,10,11,12,13,14
SmallGroup(128,496)	((C8 x C2) : C2) : C4	16	8	true	;3,4,5,6,7,8;2,6,7,8;2,6,7,8;2,6,7,8;2,3,4,5,7,8;2,3,4,5,6,8;2,3,4,5,6,7
SmallGroup(128,497)	((C8 x C2) : C2) : C4	8	16	false	;3,5,7,8,9,10,11,12,13,14,15,16;2,4,6,8,9,10,11,12,13,14,15,16;3,7,9,11,13,14,15,16;2,6,9,10,12,14,15,16;3,5,7,8,9,10,11,12,13,14,15,16;2,4,6,8,9,10,11,12,13,14,15,16;2,3,6,7,10,11,12,13;2,3,4,5,6,7,10,11,12,13,15,16;2,3,5,6,7,8,9,11,13,14,15,16;2,3,4,6,7,8,9,10,12,14,15,16;2,3,5,6,7,8,9,11,13,14,15,16;2,3,4,6,7,8,9,10,12,14,15,16;2,3,4,5,6,7,10,11,12,13,15,16;2,3,4,5,6,7,9,10,11,12,13,14;2,3,4,5,6,7,9,10,11,12,13,14
SmallGroup(128,498)	C4 x (C4 : C8)	32	4	true	;3,4;2,4;2,3
SmallGroup(128,499)	C4 : (C8 : C4)	16	8	true	;3,6,7,8;2,4,5,6,7,8;3,6,7,8;3,6,7,8;2,3,4,5,7,8;2,3,4,5,6,8;2,3,4,5,6,7
SmallGroup(128,500)	(C4 : C8) : C4	16	8	true	;3,4,5,6,7,8;2,6,7,8;2,6,7,8;2,6,7,8;2,3,4,5,7,8;2,3,4,5,6,8;2,3,4,5,6,7
SmallGroup(128,501)	C8 x (C4 : C4)	32	4	true	;3,4;2,4;2,3
SmallGroup(128,502)	C4 : (C8 : C4)	16	8	true	;3,6,7,8;2,4,5,6,7,8;3,6,7,8;3,6,7,8;2,3,4,5,7,8;2,3,4,5,6,8;2,3,4,5,6,7
SmallGroup(128,503)	C8 : (C4 : C4)	16	8	true	;3,4,5,6,7,8;2,6,7,8;2,6,7,8;2,6,7,8;2,3,4,5,7,8;2,3,4,5,6,8;2,3,4,5,6,7
SmallGroup(128,504)	(C4 . D8 = C4 . (C4 x C2)) : C4	16	8	true	;3,6,7,8;2,4,5,6,7,8;3,6,7,8;3,6,7,8;2,3,4,5,7,8;2,3,4,5,6,8;2,3,4,5,6,7
SmallGroup(128,505)	(C4 . D8 = C4 . (C4 x C2)) : C4	8	16	false	;3,4,7,8,9,10,11,12,13,14,15,16;2,5,6,8,9,10,11,12,13,14,15,16;2,6,9,10,12,14,15,16;3,7,9,11,13,14,15,16;3,4,7,8,9,10,11,12,13,14,15,16;2,5,6,8,9,10,11,12,13,14,15,16;2,3,6,7,10,11,12,13;2,3,4,5,6,7,10,11,12,13,15,16;2,3,4,6,7,8,9,11,13,14,15,16;2,3,5,6,7,8,9,10,12,14,15,16;2,3,4,6,7,8,9,11,13,14,15,16;2,3,5,6,7,8,9,10,12,14,15,16;2,3,4,5,6,7,10,11,12,13,15,16;2,3,4,5,6,7,9,10,11,12,13,14;2,3,4,5,6,7,9,10,11,12,13,14
SmallGroup(128,506)	C4 x (C8 : C4)	16	8	true	;3,6,7,8;2,4,5,6,7,8;3,6,7,8;3,6,7,8;2,3,4,5,7,8;2,3,4,5,6,8;2,3,4,5,6,7
SmallGroup(128,507)	C4 x (C8 : C4)	16	8	true	;3,6,7,8;2,4,5,6,7,8;3,6,7,8;3,6,7,8;2,3,4,5,7,8;2,3,4,5,6,8;2,3,4,5,6,7
SmallGroup(128,508)	C8 : (C4 x C4)	8	16	false	;3,4,7,8,9,10,11,12,13,14,15,16;2,5,6,8,9,10,11,12,13,14,15,16;2,6,9,10,12,14,15,16;3,7,9,11,13,14,15,16;3,4,7,8,9,10,11,12,13,14,15,16;2,5,6,8,9,10,11,12,13,14,15,16;2,3,6,7,10,11,12,13;2,3,4,5,6,7,10,11,12,13,15,16;2,3,4,6,7,8,9,11,13,14,15,16;2,3,5,6,7,8,9,10,12,14,15,16;2,3,4,6,7,8,9,11,13,14,15,16;2,3,5,6,7,8,9,10,12,14,15,16;2,3,4,5,6,7,10,11,12,13,15,16;2,3,4,5,6,7,9,10,11,12,13,14;2,3,4,5,6,7,9,10,11,12,13,14
SmallGroup(128,509)	C4 x (C4 . D8 = C4 . (C4 x C2))	16	8	true	;3,6,7,8;2,4,5,6,7,8;3,6,7,8;3,6,7,8;2,3,4,5,7,8;2,3,4,5,6,8;2,3,4,5,6,7
SmallGroup(128,510)	(C4 . D8 = C4 . (C4 x C2)) : C4	8	16	false	;3,4,7,8,9,10,11,12,13,14,15,16;2,5,6,8,9,10,11,12,13,14,15,16;2,6,9,10,12,14,15,16;3,7,9,11,13,14,15,16;3,4,7,8,9,10,11,12,13,14,15,16;2,5,6,8,9,10,11,12,13,14,15,16;2,3,6,7,10,11,12,13;2,3,4,5,6,7,10,11,12,13,15,16;2,3,4,6,7,8,9,11,13,14,15,16;2,3,5,6,7,8,9,10,12,14,15,16;2,3,4,6,7,8,9,11,13,14,15,16;2,3,5,6,7,8,9,10,12,14,15,16;2,3,4,5,6,7,10,11,12,13,15,16;2,3,4,5,6,7,9,10,11,12,13,14;2,3,4,5,6,7,9,10,11,12,13,14
SmallGroup(128,511)	(C2 x C2) : ((C8 x C2) : C2)	16	8	true	;3,4,5,6,7,8;2,6,7,8;2,6,7,8;2,6,7,8;2,3,4,5,7,8;2,3,4,5,6,8;2,3,4,5,6,7
SmallGroup(128,529)	C4 : ((C8 x C2) : C2)	16	8	true	;3,4,5,6,7,8;2,6,7,8;2,6,7,8;2,6,7,8;2,3,4,5,7,8;2,3,4,5,6,8;2,3,4,5,6,7
SmallGroup(128,549)	(C4 x C2 x C2) : C8	16	8	true	;3,4,5,6,7,8;2,6,7,8;2,6,7,8;2,6,7,8;2,3,4,5,7,8;2,3,4,5,6,8;2,3,4,5,6,7
SmallGroup(128,563)	(C4 x C4) : C8	16	8	true	;3,4,5,6,7,8;2,6,7,8;2,6,7,8;2,6,7,8;2,3,4,5,7,8;2,3,4,5,6,8;2,3,4,5,6,7
SmallGroup(128,571)	(C4 x C4) : C8	16	8	true	;3,4,5,6,7,8;2,6,7,8;2,6,7,8;2,6,7,8;2,3,4,5,7,8;2,3,4,5,6,8;2,3,4,5,6,7
SmallGroup(128,574)	C4 : (C4 : C8)	16	8	true	;3,4,5,6,7,8;2,6,7,8;2,6,7,8;2,6,7,8;2,3,4,5,7,8;2,3,4,5,6,8;2,3,4,5,6,7
SmallGroup(128,582)	(C2 x C2) : (C4 : C8)	16	8	true	;3,4,5,6,7,8;2,6,7,8;2,6,7,8;2,6,7,8;2,3,4,5,7,8;2,3,4,5,6,8;2,3,4,5,6,7
SmallGroup(128,601)	(C2 x C2) : ((C8 x C2) : C2)	16	8	true	;3,4,5,6,7,8;2,6,7,8;2,6,7,8;2,6,7,8;2,3,4,5,7,8;2,3,4,5,6,8;2,3,4,5,6,7
SmallGroup(128,648)	(C4 : C4) : C8	16	8	true	;3,4,5,6,7,8;2,6,7,8;2,6,7,8;2,6,7,8;2,3,4,5,7,8;2,3,4,5,6,8;2,3,4,5,6,7
SmallGroup(128,655)	((C4 x C2) : C2) : C8	16	8	true	;3,4,5,6,7,8;2,6,7,8;2,6,7,8;2,6,7,8;2,3,4,5,7,8;2,3,4,5,6,8;2,3,4,5,6,7
SmallGroup(128,671)	C4 : (C4 : C8)	16	8	true	;3,4,5,6,7,8;2,6,7,8;2,6,7,8;2,6,7,8;2,3,4,5,7,8;2,3,4,5,6,8;2,3,4,5,6,7
SmallGroup(128,686)	C4 : ((C8 x C2) : C2)	16	8	true	;3,4,5,6,7,8;2,6,7,8;2,6,7,8;2,6,7,8;2,3,4,5,7,8;2,3,4,5,6,8;2,3,4,5,6,7
SmallGroup(128,716)	(C2 x Q8) : C8	16	8	true	;3,4,5,6,7,8;2,6,7,8;2,6,7,8;2,6,7,8;2,3,4,5,7,8;2,3,4,5,6,8;2,3,4,5,6,7
SmallGroup(128,837)	C16 x C4 x C2	128	1	true	
SmallGroup(128,838)	C2 x (C16 : C4)	32	4	true	;3,4;2,4;2,3
SmallGroup(128,839)	C4 x (C16 : C2)	32	4	true	;3,4;2,4;2,3
SmallGroup(128,840)	(C16 : C2) : C4	32	4	true	;3,4;2,4;2,3
SmallGroup(128,841)	C2 x (C16 : C4)	8	16	false	;3,5,7,8,9,10,11,12,13,14,15,16;2,4,6,8,9,10,11,12,13,14,15,16;3,7,9,11,13,14,15,16;2,6,9,10,12,14,15,16;3,5,7,8,9,10,11,12,13,14,15,16;2,4,6,8,9,10,11,12,13,14,15,16;2,3,6,7,10,11,12,13;2,3,4,5,6,7,10,11,12,13,15,16;2,3,5,6,7,8,9,11,13,14,15,16;2,3,4,6,7,8,9,10,12,14,15,16;2,3,5,6,7,8,9,11,13,14,15,16;2,3,4,6,7,8,9,10,12,14,15,16;2,3,4,5,6,7,10,11,12,13,15,16;2,3,4,5,6,7,9,10,11,12,13,14;2,3,4,5,6,7,9,10,11,12,13,14
SmallGroup(128,842)	(C16 x C2) : C4	8	16	false	;3,5,7,8,9,10,11,12,13,14,15,16;2,4,6,8,9,10,11,12,13,14,15,16;3,7,9,11,13,14,15,16;2,6,9,10,12,14,15,16;3,5,7,8,9,10,11,12,13,14,15,16;2,4,6,8,9,10,11,12,13,14,15,16;2,3,6,7,10,11,12,13;2,3,4,5,6,7,10,11,12,13,15,16;2,3,5,6,7,8,9,11,13,14,15,16;2,3,4,6,7,8,9,10,12,14,15,16;2,3,5,6,7,8,9,11,13,14,15,16;2,3,4,6,7,8,9,10,12,14,15,16;2,3,4,5,6,7,10,11,12,13,15,16;2,3,4,5,6,7,9,10,11,12,13,14;2,3,4,5,6,7,9,10,11,12,13,14
SmallGroup(128,843)	C2 x ((C2 x C2) : C16)	32	4	true	;3,4;2,4;2,3
SmallGroup(128,844)	(C2 x C2) : (C16 : C2)	16	8	true	;3,4,5,6,7,8;2,6,7,8;2,6,7,8;2,6,7,8;2,3,4,5,7,8;2,3,4,5,6,8;2,3,4,5,6,7
SmallGroup(128,845)	((C2 x C2) : C16) : C2	16	8	true	;3,6,7,8;2,4,5,6,7,8;3,6,7,8;3,6,7,8;2,3,4,5,7,8;2,3,4,5,6,8;2,3,4,5,6,7
SmallGroup(128,846)	C2 x ((C16 : C2) : C2)	8	16	false	;3,4,7,8,9,10,11,12,13,14,15,16;2,5,6,8,9,10,11,12,13,14,15,16;2,6,9,10,11,12,14,16;3,7,9,10,11,13,15,16;3,4,7,8,9,10,11,12,13,14,15,16;2,5,6,8,9,10,11,12,13,14,15,16;2,3,6,7,12,13,14,15;2,3,4,5,6,7,11,12,13,14,15,16;2,3,4,5,6,7,11,12,13,14,15,16;2,3,4,5,6,7,9,10,12,13,14,15;2,3,4,6,7,8,9,10,11,13,15,16;2,3,5,6,7,8,9,10,11,12,14,16;2,3,4,6,7,8,9,10,11,13,15,16;2,3,5,6,7,8,9,10,11,12,14,16;2,3,4,5,6,7,9,10,12,13,14,15
SmallGroup(128,847)	((C16 : C2) : C2) : C2	8	16	false	;3,4,7,8,9,10,11,12,13,14,15,16;2,5,6,8,9,10,11,12,13,14,15,16;2,6,9,10,11,12,14,16;3,7,9,10,11,13,15,16;3,4,7,8,9,10,11,12,13,14,15,16;2,5,6,8,9,10,11,12,13,14,15,16;2,3,6,7,12,13,14,15;2,3,4,5,6,7,11,12,13,14,15,16;2,3,4,5,6,7,11,12,13,14,15,16;2,3,4,5,6,7,9,10,12,13,14,15;2,3,4,6,7,8,9,10,11,13,15,16;2,3,5,6,7,8,9,10,11,12,14,16;2,3,4,6,7,8,9,10,11,13,15,16;2,3,5,6,7,8,9,10,11,12,14,16;2,3,4,5,6,7,9,10,12,13,14,15
SmallGroup(128,848)	C2 x ((C16 x C2) : C2)	16	8	true	;3,6,7,8;2,4,5,6,7,8;3,6,7,8;3,6,7,8;2,3,4,5,7,8;2,3,4,5,6,8;2,3,4,5,6,7
SmallGroup(128,849)	(C16 : C2) : (C2 x C2)	8	16	false	;3,4,7,8,9,10,11,12,13,14,15,16;2,5,6,8,9,10,11,12,13,14,15,16;2,6,9,10,12,14,15,16;3,7,9,11,13,14,15,16;3,4,7,8,9,10,11,12,13,14,15,16;2,5,6,8,9,10,11,12,13,14,15,16;2,3,6,7,10,11,12,13;2,3,4,5,6,7,10,11,12,13,15,16;2,3,4,6,7,8,9,11,13,14,15,16;2,3,5,6,7,8,9,10,12,14,15,16;2,3,4,6,7,8,9,11,13,14,15,16;2,3,5,6,7,8,9,10,12,14,15,16;2,3,4,5,6,7,10,11,12,13,15,16;2,3,4,5,6,7,9,10,11,12,13,14;2,3,4,5,6,7,9,10,11,12,13,14
SmallGroup(128,881)	C2 x (C4 : C16)	32	4	true	;3,4;2,4;2,3
SmallGroup(128,882)	C4 : (C16 : C2)	16	8	true	;3,4,5,6,7,8;2,6,7,8;2,6,7,8;2,6,7,8;2,3,4,5,7,8;2,3,4,5,6,8;2,3,4,5,6,7
SmallGroup(128,883)	(C4 : C16) : C2	16	8	true	;3,6,7,8;2,4,5,6,7,8;3,6,7,8;3,6,7,8;2,3,4,5,7,8;2,3,4,5,6,8;2,3,4,5,6,7
SmallGroup(128,884)	C2 x (C8 . D8 = C4 . (C8 x C2))	16	8	true	;3,4,5,6,7,8;2,5,7,8;2,5,7,8;2,3,4,6,7,8;2,5,7,8;2,3,4,5,6,8;2,3,4,5,6,7
SmallGroup(128,885)	(C8 . D8 = C4 . (C8 x C2)) : C2	8	16	false	;3,5,6,8,9,10,11,12,13,14,15,16;2,4,6,7,9,10,11,12,13,14,15,16;3,6,8,10,12,13,15,16;2,6,7,10,11,13,14,16;2,3,4,5,7,8,10,11,12,13,14,15;3,5,6,8,9,10,11,12,13,14,15,16;2,4,6,7,9,10,11,12,13,14,15,16;2,3,7,8,11,12,14,15;2,3,4,5,6,7,8,11,12,14,15,16;2,3,5,6,7,8,9,10,12,13,15,16;2,3,4,6,7,8,9,10,11,13,14,16;2,3,4,5,6,7,8,11,12,14,15,16;2,3,5,6,7,8,9,10,12,13,15,16;2,3,4,6,7,8,9,10,11,13,14,16;2,3,4,5,7,8,10,11,12,13,14,15
SmallGroup(128,894)	(C4 x C2) : C16	32	4	true	;3,4;2,4;2,3
SmallGroup(128,895)	(C4 : C16) : C2	16	8	true	;3,4,5,6,7,8;2,6,7,8;2,6,7,8;2,6,7,8;2,3,4,5,7,8;2,3,4,5,6,8;2,3,4,5,6,7
SmallGroup(128,896)	(C4 : C16) : C2	16	8	true	;3,6,7,8;2,4,5,6,7,8;3,6,7,8;3,6,7,8;2,3,4,5,7,8;2,3,4,5,6,8;2,3,4,5,6,7
SmallGroup(128,899)	C16 x D8	32	4	true	;3,4;2,4;2,3
SmallGroup(128,900)	(C2 x C2) : (C16 : C2)	16	8	true	;3,4,5,6,7,8;2,6,7,8;2,6,7,8;2,6,7,8;2,3,4,5,7,8;2,3,4,5,6,8;2,3,4,5,6,7
SmallGroup(128,901)	C4 : (C16 : C2)	16	8	true	;3,4,5,6,7,8;2,4,5,6,7,8;2,3,6,7;2,3,6,7;2,3,4,5,7,8;2,3,4,5,6,8;2,3,6,7
SmallGroup(128,902)	((C16 x C2) : C2) : C2	16	8	true	;3,4,5,6,7,8;2,4,5,6,7,8;2,3,7,8;2,3,7,8;2,3,7,8;2,3,4,5,6,8;2,3,4,5,6,7
SmallGroup(128,903)	((C16 x C2) : C2) : C2	8	16	false	;3,4,5,6,8,9,10,12,13,14,15,16;2,5,7,8,9,10,11,12,13,14,15,16;2,8,9,10,11,12,13,16;2,3,6,11,12,13,14,15;2,5,7,8,9,10,11,12,13,14,15,16;3,6,8,9,10,14,15,16;2,3,4,6,7,9,10,11,12,13,14,15;2,3,4,6,7,8,11,12,13,14,15,16;2,3,4,6,7,8,11,12,13,14,15,16;3,4,5,6,8,9,10,12,13,14,15,16;2,3,4,5,6,8,9,10,11,14,15,16;2,3,4,5,6,8,9,10,11,14,15,16;2,3,5,6,7,8,9,10,11,12,13,16;2,3,5,6,7,8,9,10,11,12,13,16;2,3,4,6,7,9,10,11,12,13,14,15
SmallGroup(128,914)	C16 x Q8	32	4	true	;3,4;2,4;2,3
SmallGroup(128,915)	C16 : Q8	16	8	true	;3,4,5,6,7,8;2,6,7,8;2,6,7,8;2,6,7,8;2,3,4,5,7,8;2,3,4,5,6,8;2,3,4,5,6,7
SmallGroup(128,988)	C32 x C2 x C2	128	1	true	
SmallGroup(128,989)	C2 x (C32 : C2)	32	4	true	;3,4;2,4;2,3
SmallGroup(128,990)	(C32 : C2) : C2	32	4	true	;3,4;2,4;2,3
SmallGroup(128,997)	C4 x C4 x C4 x C2	128	1	true	
SmallGroup(128,998)	C2 x C2 x ((C4 x C2) : C4)	32	4	true	;3,4;2,4;2,3
SmallGroup(128,999)	C2 x ((C4 x C4) : C4)	32	4	true	;3,4;2,4;2,3
SmallGroup(128,1000)	C2 x C4 x ((C4 x C2) : C2)	32	4	true	;3,4;2,4;2,3
SmallGroup(128,1001)	C2 x C4 x (C4 : C4)	32	4	true	;3,4;2,4;2,3
SmallGroup(128,1002)	C4 x ((C4 x C4) : C2)	32	4	true	;3,4;2,4;2,3
SmallGroup(128,1003)	C4 x C4 x D8	32	4	true	;3,4;2,4;2,3
SmallGroup(128,1004)	C4 x C4 x Q8	32	4	true	;3,4;2,4;2,3
SmallGroup(128,1005)	(C2 x C2 x C2) : (C4 x C4)	8	16	false	;3,5,8,9,11,12,13,14;2,4,8,10,11,12,13,15;3,7,9,10,11,13,15,16;2,6,9,10,11,12,14,16;5,7,8,10,12,14,15,16;4,6,8,9,13,14,15,16;2,3,6,7,12,13,14,15;2,4,5,7,11,13,14,16;3,4,5,6,11,12,15,16;2,3,4,5,9,10,14,15;2,3,5,6,8,10,13,16;2,3,4,7,8,9,12,16;2,5,6,7,8,9,11,15;3,4,6,7,8,10,11,14;4,5,6,7,9,10,12,13
SmallGroup(128,1006)	(C4 x C2) : (C4 x C4)	8	16	false	;3,5,8,9,11,12,13,14;2,4,8,10,11,12,13,15;3,7,9,10,11,13,15,16;2,6,9,10,11,12,14,16;5,7,8,10,12,14,15,16;4,6,8,9,13,14,15,16;2,3,6,7,12,13,14,15;2,4,5,7,11,13,14,16;3,4,5,6,11,12,15,16;2,3,4,5,9,10,14,15;2,3,5,6,8,10,13,16;2,3,4,7,8,9,12,16;2,5,6,7,8,9,11,15;3,4,6,7,8,10,11,14;4,5,6,7,9,10,12,13
SmallGroup(128,1007)	D8 : (C4 x C4)	8	16	false	;3,5,8,9,11,12,13,14;2,4,8,10,11,12,13,15;3,7,9,10,11,13,15,16;2,6,9,10,11,12,14,16;5,7,8,10,12,14,15,16;4,6,8,9,13,14,15,16;2,3,6,7,12,13,14,15;2,4,5,7,11,13,14,16;3,4,5,6,11,12,15,16;2,3,4,5,9,10,14,15;2,3,5,6,8,10,13,16;2,3,4,7,8,9,12,16;2,5,6,7,8,9,11,15;3,4,6,7,8,10,11,14;4,5,6,7,9,10,12,13
SmallGroup(128,1008)	Q8 : (C4 x C4)	8	16	false	;3,5,8,9,11,12,13,14;2,4,8,10,11,12,13,15;3,7,9,10,11,13,15,16;2,6,9,10,11,12,14,16;5,7,8,10,12,14,15,16;4,6,8,9,13,14,15,16;2,3,6,7,12,13,14,15;2,4,5,7,11,13,14,16;3,4,5,6,11,12,15,16;2,3,4,5,9,10,14,15;2,3,5,6,8,10,13,16;2,3,4,7,8,9,12,16;2,5,6,7,8,9,11,15;3,4,6,7,8,10,11,14;4,5,6,7,9,10,12,13
SmallGroup(128,1009)	C2 x ((C2 x C2) : ((C4 x C2) : C2))	16	8	true	;3,4,5,6,7,8;2,6,7,8;2,6,7,8;2,6,7,8;2,3,4,5,7,8;2,3,4,5,6,8;2,3,4,5,6,7
SmallGroup(128,1010)	C2 x (C4 : ((C4 x C2) : C2))	16	8	true	;3,4,5,6,7,8;2,6,7,8;2,6,7,8;2,6,7,8;2,3,4,5,7,8;2,3,4,5,6,8;2,3,4,5,6,7
SmallGroup(128,1011)	C2 x ((C4 x C2 x C2) : C4)	16	8	true	;3,4,5,6,7,8;2,6,7,8;2,6,7,8;2,6,7,8;2,3,4,5,7,8;2,3,4,5,6,8;2,3,4,5,6,7
SmallGroup(128,1012)	(C2 x C2) : ((C4 x C4) : C2)	16	8	true	;3,4,5,6,7,8;2,6,7,8;2,6,7,8;2,6,7,8;2,3,4,5,7,8;2,3,4,5,6,8;2,3,4,5,6,7
SmallGroup(128,1013)	C2 x ((C4 x C4) : C4)	16	8	true	;3,4,5,6,7,8;2,6,7,8;2,6,7,8;2,6,7,8;2,3,4,5,7,8;2,3,4,5,6,8;2,3,4,5,6,7
SmallGroup(128,1014)	C2 x ((C4 x C4) : C4)	16	8	true	;3,4,5,6,7,8;2,6,7,8;2,6,7,8;2,6,7,8;2,3,4,5,7,8;2,3,4,5,6,8;2,3,4,5,6,7
SmallGroup(128,1015)	(C4 x C4 x C2) : C4	16	8	true	;3,4,5,6,7,8;2,6,7,8;2,6,7,8;2,6,7,8;2,3,4,5,7,8;2,3,4,5,6,8;2,3,4,5,6,7
SmallGroup(128,1016)	C2 x (C4 : (C4 : C4))	16	8	true	;3,4,5,6,7,8;2,6,7,8;2,6,7,8;2,6,7,8;2,3,4,5,7,8;2,3,4,5,6,8;2,3,4,5,6,7
SmallGroup(128,1017)	C4 : ((C4 x C4) : C2)	16	8	true	;3,4,5,6,7,8;2,6,7,8;2,6,7,8;2,6,7,8;2,3,4,5,7,8;2,3,4,5,6,8;2,3,4,5,6,7
SmallGroup(128,1018)	C2 x ((C2 x C2) : (C4 : C4))	16	8	true	;3,4,5,6,7,8;2,6,7,8;2,6,7,8;2,6,7,8;2,3,4,5,7,8;2,3,4,5,6,8;2,3,4,5,6,7
SmallGroup(128,1019)	C2 x ((C2 x C2) : ((C4 x C2) : C2))	16	8	true	;3,4,5,6,7,8;2,6,7,8;2,6,7,8;2,6,7,8;2,3,4,5,7,8;2,3,4,5,6,8;2,3,4,5,6,7
SmallGroup(128,1020)	C2 x ((C4 : C4) : C4)	16	8	true	;3,4,5,6,7,8;2,6,7,8;2,6,7,8;2,6,7,8;2,3,4,5,7,8;2,3,4,5,6,8;2,3,4,5,6,7
SmallGroup(128,1021)	C2 x (((C4 x C2) : C2) : C4)	16	8	true	;3,4,5,6,7,8;2,6,7,8;2,6,7,8;2,6,7,8;2,3,4,5,7,8;2,3,4,5,6,8;2,3,4,5,6,7
SmallGroup(128,1022)	(C2 x C2) : ((C4 x C4) : C2)	16	8	true	;3,4,5,6,7,8;2,6,7,8;2,6,7,8;2,6,7,8;2,3,4,5,7,8;2,3,4,5,6,8;2,3,4,5,6,7
SmallGroup(128,1023)	C2 x (C4 : (C4 : C4))	16	8	true	;3,4,5,6,7,8;2,6,7,8;2,6,7,8;2,6,7,8;2,3,4,5,7,8;2,3,4,5,6,8;2,3,4,5,6,7
SmallGroup(128,1024)	C2 x (C4 : ((C4 x C2) : C2))	16	8	true	;3,4,5,6,7,8;2,6,7,8;2,6,7,8;2,6,7,8;2,3,4,5,7,8;2,3,4,5,6,8;2,3,4,5,6,7
SmallGroup(128,1025)	C4 : ((C4 x C4) : C2)	16	8	true	;3,4,5,6,7,8;2,6,7,8;2,6,7,8;2,6,7,8;2,3,4,5,7,8;2,3,4,5,6,8;2,3,4,5,6,7
SmallGroup(128,1026)	C2 x ((C4 x C2) : Q8)	16	8	true	;3,4,5,6,7,8;2,6,7,8;2,6,7,8;2,6,7,8;2,3,4,5,7,8;2,3,4,5,6,8;2,3,4,5,6,7
SmallGroup(128,1027)	(C4 x C4) : Q8	16	8	true	;3,4,5,6,7,8;2,6,7,8;2,6,7,8;2,6,7,8;2,3,4,5,7,8;2,3,4,5,6,8;2,3,4,5,6,7
SmallGroup(128,1028)	(C4 x C2) : (C4 : C4)	16	8	true	;3,4,5,6,7,8;2,6,7,8;2,6,7,8;2,6,7,8;2,3,4,5,7,8;2,3,4,5,6,8;2,3,4,5,6,7
SmallGroup(128,1029)	(C4 x C2) : ((C4 x C2) : C2)	16	8	true	;3,4,5,6,7,8;2,6,7,8;2,6,7,8;2,6,7,8;2,3,4,5,7,8;2,3,4,5,6,8;2,3,4,5,6,7
SmallGroup(128,1030)	((C4 x C4) : C2) : C4	16	8	true	;3,4,5,6,7,8;2,6,7,8;2,6,7,8;2,6,7,8;2,3,4,5,7,8;2,3,4,5,6,8;2,3,4,5,6,7
SmallGroup(128,1031)	C4 x ((C2 x C2 x C2 x C2) : C2)	16	8	true	;3,4,5,6,7,8;2,6,7,8;2,6,7,8;2,6,7,8;2,3,4,5,7,8;2,3,4,5,6,8;2,3,4,5,6,7
SmallGroup(128,1032)	C4 x ((C4 x C2 x C2) : C2)	16	8	true	;3,4,5,6,7,8;2,6,7,8;2,6,7,8;2,6,7,8;2,3,4,5,7,8;2,3,4,5,6,8;2,3,4,5,6,7
SmallGroup(128,1033)	C4 x ((C4 x C2 x C2) : C2)	16	8	true	;3,4,5,6,7,8;2,6,7,8;2,6,7,8;2,6,7,8;2,3,4,5,7,8;2,3,4,5,6,8;2,3,4,5,6,7
SmallGroup(128,1034)	C4 x ((C2 x Q8) : C2)	16	8	true	;3,4,5,6,7,8;2,6,7,8;2,6,7,8;2,6,7,8;2,3,4,5,7,8;2,3,4,5,6,8;2,3,4,5,6,7
SmallGroup(128,1035)	C4 x ((C4 x C4) : C2)	16	8	true	;3,4,5,6,7,8;2,6,7,8;2,6,7,8;2,6,7,8;2,3,4,5,7,8;2,3,4,5,6,8;2,3,4,5,6,7
SmallGroup(128,1036)	C4 x ((C4 x C4) : C2)	16	8	true	;3,4,5,6,7,8;2,6,7,8;2,6,7,8;2,6,7,8;2,3,4,5,7,8;2,3,4,5,6,8;2,3,4,5,6,7
SmallGroup(128,1037)	C4 x ((C2 x C2) . (C2 x C2 x C2))	16	8	true	;3,4,5,6,7,8;2,6,7,8;2,6,7,8;2,6,7,8;2,3,4,5,7,8;2,3,4,5,6,8;2,3,4,5,6,7
SmallGroup(128,1038)	C4 x ((C4 x C4) : C2)	16	8	true	;3,4,5,6,7,8;2,6,7,8;2,6,7,8;2,6,7,8;2,3,4,5,7,8;2,3,4,5,6,8;2,3,4,5,6,7
SmallGroup(128,1039)	C4 x (C4 : Q8)	16	8	true	;3,4,5,6,7,8;2,6,7,8;2,6,7,8;2,6,7,8;2,3,4,5,7,8;2,3,4,5,6,8;2,3,4,5,6,7
SmallGroup(128,1040)	(C2 x C2 x C2) : ((C4 x C2) : C2)	8	16	false	;3,4,5,7,9,10,11,12,13,14,15,16;2,4,7,8,9,11,12,14;2,3,6,8,9,10,11,12,13,14,15,16;2,8,9,10,11,13,15,16;4,7,10,12,13,14,15,16;2,3,6,8,9,10,11,12,13,14,15,16;3,4,5,7,9,10,11,12,13,14,15,16;2,3,4,5,7,8,10,12,13,14,15,16;2,4,5,6,7,8,9,11,12,14,15,16;2,3,4,5,7,8,10,12,13,14,15,16;2,3,4,6,7,8,9,10,11,13,15,16;2,4,5,6,7,8,9,11,12,14,15,16;2,3,4,6,7,8,9,10,11,13,15,16;2,4,5,6,7,8,9,10,11,12,13,14;2,4,5,6,7,8,9,10,11,12,13,14
SmallGroup(128,1041)	(C4 x C2) : ((C4 x C2) : C2)	8	16	false	;3,4,5,7,9,10,11,12,13,14,15,16;2,4,7,8,9,11,12,14;2,3,6,8,9,10,11,12,13,14,15,16;2,8,9,10,11,13,15,16;4,7,10,12,13,14,15,16;2,3,6,8,9,10,11,12,13,14,15,16;3,4,5,7,9,10,11,12,13,14,15,16;2,3,4,5,7,8,10,12,13,14,15,16;2,4,5,6,7,8,9,11,12,14,15,16;2,3,4,5,7,8,10,12,13,14,15,16;2,3,4,6,7,8,9,10,11,13,15,16;2,4,5,6,7,8,9,11,12,14,15,16;2,3,4,6,7,8,9,10,11,13,15,16;2,4,5,6,7,8,9,10,11,12,13,14;2,4,5,6,7,8,9,10,11,12,13,14
SmallGroup(128,1042)	(C2 x C2 x Q8) : C4	8	16	false	;3,4,5,7,9,10,11,12,13,14,15,16;2,4,7,8,9,11,12,14;2,3,6,8,9,10,11,12,13,14,15,16;2,8,9,10,11,13,15,16;4,7,10,12,13,14,15,16;2,3,6,8,9,10,11,12,13,14,15,16;3,4,5,7,9,10,11,12,13,14,15,16;2,3,4,5,7,8,10,12,13,14,15,16;2,4,5,6,7,8,9,11,12,14,15,16;2,3,4,5,7,8,10,12,13,14,15,16;2,3,4,6,7,8,9,10,11,13,15,16;2,4,5,6,7,8,9,11,12,14,15,16;2,3,4,6,7,8,9,10,11,13,15,16;2,4,5,6,7,8,9,10,11,12,13,14;2,4,5,6,7,8,9,10,11,12,13,14
SmallGroup(128,1043)	(C4 x C2) : ((C4 x C2) : C2)	8	16	false	;3,4,5,7,9,10,11,12,13,14,15,16;2,4,7,8,9,11,12,14;2,3,6,8,9,10,11,12,13,14,15,16;2,8,9,10,11,13,15,16;4,7,10,12,13,14,15,16;2,3,6,8,9,10,11,12,13,14,15,16;3,4,5,7,9,10,11,12,13,14,15,16;2,3,4,5,7,8,10,12,13,14,15,16;2,4,5,6,7,8,9,11,12,14,15,16;2,3,4,5,7,8,10,12,13,14,15,16;2,3,4,6,7,8,9,10,11,13,15,16;2,4,5,6,7,8,9,11,12,14,15,16;2,3,4,6,7,8,9,10,11,13,15,16;2,4,5,6,7,8,9,10,11,12,13,14;2,4,5,6,7,8,9,10,11,12,13,14
SmallGroup(128,1044)	(C2 x ((C4 x C2) : C2)) : C4	8	16	false	;3,4,5,7,9,10,11,12,13,14,15,16;2,4,7,8,9,11,12,14;2,3,6,8,9,10,11,12,13,14,15,16;2,8,9,10,11,13,15,16;4,7,10,12,13,14,15,16;2,3,6,8,9,10,11,12,13,14,15,16;3,4,5,7,9,10,11,12,13,14,15,16;2,3,4,5,7,8,10,12,13,14,15,16;2,4,5,6,7,8,9,11,12,14,15,16;2,3,4,5,7,8,10,12,13,14,15,16;2,3,4,6,7,8,9,10,11,13,15,16;2,4,5,6,7,8,9,11,12,14,15,16;2,3,4,6,7,8,9,10,11,13,15,16;2,4,5,6,7,8,9,10,11,12,13,14;2,4,5,6,7,8,9,10,11,12,13,14
SmallGroup(128,1045)	(C2 x (C4 : C4)) : C4	8	16	false	;3,4,5,7,9,10,11,12,13,14,15,16;2,4,7,8,9,11,12,14;2,3,6,8,9,10,11,12,13,14,15,16;2,8,9,10,11,13,15,16;4,7,10,12,13,14,15,16;2,3,6,8,9,10,11,12,13,14,15,16;3,4,5,7,9,10,11,12,13,14,15,16;2,3,4,5,7,8,10,12,13,14,15,16;2,4,5,6,7,8,9,11,12,14,15,16;2,3,4,5,7,8,10,12,13,14,15,16;2,3,4,6,7,8,9,10,11,13,15,16;2,4,5,6,7,8,9,11,12,14,15,16;2,3,4,6,7,8,9,10,11,13,15,16;2,4,5,6,7,8,9,10,11,12,13,14;2,4,5,6,7,8,9,10,11,12,13,14
SmallGroup(128,1046)	((C4 x C4) : C2) : C4	8	16	false	;3,4,5,7,9,10,11,12,13,14,15,16;2,4,7,8,9,11,12,14;2,3,6,8,9,10,11,12,13,14,15,16;2,8,9,10,11,13,15,16;4,7,10,12,13,14,15,16;2,3,6,8,9,10,11,12,13,14,15,16;3,4,5,7,9,10,11,12,13,14,15,16;2,3,4,5,7,8,10,12,13,14,15,16;2,4,5,6,7,8,9,11,12,14,15,16;2,3,4,5,7,8,10,12,13,14,15,16;2,3,4,6,7,8,9,10,11,13,15,16;2,4,5,6,7,8,9,11,12,14,15,16;2,3,4,6,7,8,9,10,11,13,15,16;2,4,5,6,7,8,9,10,11,12,13,14;2,4,5,6,7,8,9,10,11,12,13,14
SmallGroup(128,1047)	(C2 x C2 x C2) : (C4 : C4)	8	16	false	;3,4,5,7,9,10,11,12,13,14,15,16;2,4,7,8,9,11,12,14;2,3,6,8,9,10,11,12,13,14,15,16;2,8,9,10,11,13,15,16;4,7,10,12,13,14,15,16;2,3,6,8,9,10,11,12,13,14,15,16;3,4,5,7,9,10,11,12,13,14,15,16;2,3,4,5,7,8,10,12,13,14,15,16;2,4,5,6,7,8,9,11,12,14,15,16;2,3,4,5,7,8,10,12,13,14,15,16;2,3,4,6,7,8,9,10,11,13,15,16;2,4,5,6,7,8,9,11,12,14,15,16;2,3,4,6,7,8,9,10,11,13,15,16;2,4,5,6,7,8,9,10,11,12,13,14;2,4,5,6,7,8,9,10,11,12,13,14
SmallGroup(128,1048)	(C4 x C2) : (C4 : C4)	8	16	false	;3,4,5,7,9,10,11,12,13,14,15,16;2,4,7,8,9,11,12,14;2,3,6,8,9,10,11,12,13,14,15,16;2,8,9,10,11,13,15,16;4,7,10,12,13,14,15,16;2,3,6,8,9,10,11,12,13,14,15,16;3,4,5,7,9,10,11,12,13,14,15,16;2,3,4,5,7,8,10,12,13,14,15,16;2,4,5,6,7,8,9,11,12,14,15,16;2,3,4,5,7,8,10,12,13,14,15,16;2,3,4,6,7,8,9,10,11,13,15,16;2,4,5,6,7,8,9,11,12,14,15,16;2,3,4,6,7,8,9,10,11,13,15,16;2,4,5,6,7,8,9,10,11,12,13,14;2,4,5,6,7,8,9,10,11,12,13,14
SmallGroup(128,1049)	(C4 x C2) : (C4 : C4)	8	16	false	;3,4,5,7,9,10,11,12,13,14,15,16;2,4,7,8,9,11,12,14;2,3,6,8,9,10,11,12,13,14,15,16;2,8,9,10,11,13,15,16;4,7,10,12,13,14,15,16;2,3,6,8,9,10,11,12,13,14,15,16;3,4,5,7,9,10,11,12,13,14,15,16;2,3,4,5,7,8,10,12,13,14,15,16;2,4,5,6,7,8,9,11,12,14,15,16;2,3,4,5,7,8,10,12,13,14,15,16;2,3,4,6,7,8,9,10,11,13,15,16;2,4,5,6,7,8,9,11,12,14,15,16;2,3,4,6,7,8,9,10,11,13,15,16;2,4,5,6,7,8,9,10,11,12,13,14;2,4,5,6,7,8,9,10,11,12,13,14
SmallGroup(128,1050)	(C4 : C4) : (C4 x C2)	8	16	false	;3,4,5,7,9,10,11,12,13,14,15,16;2,4,7,8,9,11,12,14;2,3,6,8,9,10,11,12,13,14,15,16;2,8,9,10,11,13,15,16;4,7,10,12,13,14,15,16;2,3,6,8,9,10,11,12,13,14,15,16;3,4,5,7,9,10,11,12,13,14,15,16;2,3,4,5,7,8,10,12,13,14,15,16;2,4,5,6,7,8,9,11,12,14,15,16;2,3,4,5,7,8,10,12,13,14,15,16;2,3,4,6,7,8,9,10,11,13,15,16;2,4,5,6,7,8,9,11,12,14,15,16;2,3,4,6,7,8,9,10,11,13,15,16;2,4,5,6,7,8,9,10,11,12,13,14;2,4,5,6,7,8,9,10,11,12,13,14
SmallGroup(128,1051)	(C4 x D8) : C4	8	16	false	;3,4,5,7,9,10,11,12,13,14,15,16;2,4,7,8,9,11,12,14;2,3,6,8,9,10,11,12,13,14,15,16;2,8,9,10,11,13,15,16;4,7,10,12,13,14,15,16;2,3,6,8,9,10,11,12,13,14,15,16;3,4,5,7,9,10,11,12,13,14,15,16;2,3,4,5,7,8,10,12,13,14,15,16;2,4,5,6,7,8,9,11,12,14,15,16;2,3,4,5,7,8,10,12,13,14,15,16;2,3,4,6,7,8,9,10,11,13,15,16;2,4,5,6,7,8,9,11,12,14,15,16;2,3,4,6,7,8,9,10,11,13,15,16;2,4,5,6,7,8,9,10,11,12,13,14;2,4,5,6,7,8,9,10,11,12,13,14
SmallGroup(128,1052)	(C4 x Q8) : C4	8	16	false	;3,4,5,7,9,10,11,12,13,14,15,16;2,4,7,8,9,11,12,14;2,3,6,8,9,10,11,12,13,14,15,16;2,8,9,10,11,13,15,16;4,7,10,12,13,14,15,16;2,3,6,8,9,10,11,12,13,14,15,16;3,4,5,7,9,10,11,12,13,14,15,16;2,3,4,5,7,8,10,12,13,14,15,16;2,4,5,6,7,8,9,11,12,14,15,16;2,3,4,5,7,8,10,12,13,14,15,16;2,3,4,6,7,8,9,10,11,13,15,16;2,4,5,6,7,8,9,11,12,14,15,16;2,3,4,6,7,8,9,10,11,13,15,16;2,4,5,6,7,8,9,10,11,12,13,14;2,4,5,6,7,8,9,10,11,12,13,14
SmallGroup(128,1053)	(C2 x D8) : (C4 x C2)	8	16	false	;3,4,5,7,9,10,11,12,13,14,15,16;2,4,7,8,9,11,12,14;2,3,6,8,9,10,11,12,13,14,15,16;2,8,9,10,11,13,15,16;4,7,10,12,13,14,15,16;2,3,6,8,9,10,11,12,13,14,15,16;3,4,5,7,9,10,11,12,13,14,15,16;2,3,4,5,7,8,10,12,13,14,15,16;2,4,5,6,7,8,9,11,12,14,15,16;2,3,4,5,7,8,10,12,13,14,15,16;2,3,4,6,7,8,9,10,11,13,15,16;2,4,5,6,7,8,9,11,12,14,15,16;2,3,4,6,7,8,9,10,11,13,15,16;2,4,5,6,7,8,9,10,11,12,13,14;2,4,5,6,7,8,9,10,11,12,13,14
SmallGroup(128,1054)	((C4 x C2) : C2) : (C4 x C2)	8	16	false	;3,4,5,7,9,10,11,12,13,14,15,16;2,4,7,8,9,11,12,14;2,3,6,8,9,10,11,12,13,14,15,16;2,8,9,10,11,13,15,16;4,7,10,12,13,14,15,16;2,3,6,8,9,10,11,12,13,14,15,16;3,4,5,7,9,10,11,12,13,14,15,16;2,3,4,5,7,8,10,12,13,14,15,16;2,4,5,6,7,8,9,11,12,14,15,16;2,3,4,5,7,8,10,12,13,14,15,16;2,3,4,6,7,8,9,10,11,13,15,16;2,4,5,6,7,8,9,11,12,14,15,16;2,3,4,6,7,8,9,10,11,13,15,16;2,4,5,6,7,8,9,10,11,12,13,14;2,4,5,6,7,8,9,10,11,12,13,14
SmallGroup(128,1055)	((C2 x Q8) : C2) : C4	8	16	false	;3,4,5,7,9,10,11,12,13,14,15,16;2,4,7,8,9,11,12,14;2,3,6,8,9,10,11,12,13,14,15,16;2,8,9,10,11,13,15,16;4,7,10,12,13,14,15,16;2,3,6,8,9,10,11,12,13,14,15,16;3,4,5,7,9,10,11,12,13,14,15,16;2,3,4,5,7,8,10,12,13,14,15,16;2,4,5,6,7,8,9,11,12,14,15,16;2,3,4,5,7,8,10,12,13,14,15,16;2,3,4,6,7,8,9,10,11,13,15,16;2,4,5,6,7,8,9,11,12,14,15,16;2,3,4,6,7,8,9,10,11,13,15,16;2,4,5,6,7,8,9,10,11,12,13,14;2,4,5,6,7,8,9,10,11,12,13,14
SmallGroup(128,1056)	((C4 x C2) : C2) : (C4 x C2)	8	16	false	;3,4,5,7,9,10,11,12,13,14,15,16;2,4,7,8,9,11,12,14;2,3,6,8,9,10,11,12,13,14,15,16;2,8,9,10,11,13,15,16;4,7,10,12,13,14,15,16;2,3,6,8,9,10,11,12,13,14,15,16;3,4,5,7,9,10,11,12,13,14,15,16;2,3,4,5,7,8,10,12,13,14,15,16;2,4,5,6,7,8,9,11,12,14,15,16;2,3,4,5,7,8,10,12,13,14,15,16;2,3,4,6,7,8,9,10,11,13,15,16;2,4,5,6,7,8,9,11,12,14,15,16;2,3,4,6,7,8,9,10,11,13,15,16;2,4,5,6,7,8,9,10,11,12,13,14;2,4,5,6,7,8,9,10,11,12,13,14
SmallGroup(128,1057)	(C2 x D8) : (C4 x C2)	8	16	false	;3,4,5,7,9,10,11,12,13,14,15,16;2,4,7,8,9,11,12,14;2,3,6,8,9,10,11,12,13,14,15,16;2,8,9,10,11,13,15,16;4,7,10,12,13,14,15,16;2,3,6,8,9,10,11,12,13,14,15,16;3,4,5,7,9,10,11,12,13,14,15,16;2,3,4,5,7,8,10,12,13,14,15,16;2,4,5,6,7,8,9,11,12,14,15,16;2,3,4,5,7,8,10,12,13,14,15,16;2,3,4,6,7,8,9,10,11,13,15,16;2,4,5,6,7,8,9,11,12,14,15,16;2,3,4,6,7,8,9,10,11,13,15,16;2,4,5,6,7,8,9,10,11,12,13,14;2,4,5,6,7,8,9,10,11,12,13,14
SmallGroup(128,1058)	((C4 x C2) : C2) : (C4 x C2)	8	16	false	;3,4,5,7,9,10,11,12,13,14,15,16;2,4,7,8,9,11,12,14;2,3,6,8,9,10,11,12,13,14,15,16;2,8,9,10,11,13,15,16;4,7,10,12,13,14,15,16;2,3,6,8,9,10,11,12,13,14,15,16;3,4,5,7,9,10,11,12,13,14,15,16;2,3,4,5,7,8,10,12,13,14,15,16;2,4,5,6,7,8,9,11,12,14,15,16;2,3,4,5,7,8,10,12,13,14,15,16;2,3,4,6,7,8,9,10,11,13,15,16;2,4,5,6,7,8,9,11,12,14,15,16;2,3,4,6,7,8,9,10,11,13,15,16;2,4,5,6,7,8,9,10,11,12,13,14;2,4,5,6,7,8,9,10,11,12,13,14
SmallGroup(128,1059)	(C4 : Q8) : C4	8	16	false	;3,4,5,7,9,10,11,12,13,14,15,16;2,4,7,8,9,11,12,14;2,3,6,8,9,10,11,12,13,14,15,16;2,8,9,10,11,13,15,16;4,7,10,12,13,14,15,16;2,3,6,8,9,10,11,12,13,14,15,16;3,4,5,7,9,10,11,12,13,14,15,16;2,3,4,5,7,8,10,12,13,14,15,16;2,4,5,6,7,8,9,11,12,14,15,16;2,3,4,5,7,8,10,12,13,14,15,16;2,3,4,6,7,8,9,10,11,13,15,16;2,4,5,6,7,8,9,11,12,14,15,16;2,3,4,6,7,8,9,10,11,13,15,16;2,4,5,6,7,8,9,10,11,12,13,14;2,4,5,6,7,8,9,10,11,12,13,14
SmallGroup(128,1060)	(C2 x D8) : (C4 x C2)	8	16	false	;3,4,5,7,9,10,11,12,13,14,15,16;2,4,7,8,9,11,12,14;2,3,6,8,9,10,11,12,13,14,15,16;2,8,9,10,11,13,15,16;4,7,10,12,13,14,15,16;2,3,6,8,9,10,11,12,13,14,15,16;3,4,5,7,9,10,11,12,13,14,15,16;2,3,4,5,7,8,10,12,13,14,15,16;2,4,5,6,7,8,9,11,12,14,15,16;2,3,4,5,7,8,10,12,13,14,15,16;2,3,4,6,7,8,9,10,11,13,15,16;2,4,5,6,7,8,9,11,12,14,15,16;2,3,4,6,7,8,9,10,11,13,15,16;2,4,5,6,7,8,9,10,11,12,13,14;2,4,5,6,7,8,9,10,11,12,13,14
SmallGroup(128,1061)	(C2 x Q8) : (C4 x C2)	8	16	false	;3,4,5,7,9,10,11,12,13,14,15,16;2,4,7,8,9,11,12,14;2,3,6,8,9,10,11,12,13,14,15,16;2,8,9,10,11,13,15,16;4,7,10,12,13,14,15,16;2,3,6,8,9,10,11,12,13,14,15,16;3,4,5,7,9,10,11,12,13,14,15,16;2,3,4,5,7,8,10,12,13,14,15,16;2,4,5,6,7,8,9,11,12,14,15,16;2,3,4,5,7,8,10,12,13,14,15,16;2,3,4,6,7,8,9,10,11,13,15,16;2,4,5,6,7,8,9,11,12,14,15,16;2,3,4,6,7,8,9,10,11,13,15,16;2,4,5,6,7,8,9,10,11,12,13,14;2,4,5,6,7,8,9,10,11,12,13,14
SmallGroup(128,1062)	((C2 x C2) . (C2 x C2 x C2)) : C4	8	16	false	;3,4,5,7,9,10,11,12,13,14,15,16;2,4,7,8,9,11,12,14;2,3,6,8,9,10,11,12,13,14,15,16;2,8,9,10,11,13,15,16;4,7,10,12,13,14,15,16;2,3,6,8,9,10,11,12,13,14,15,16;3,4,5,7,9,10,11,12,13,14,15,16;2,3,4,5,7,8,10,12,13,14,15,16;2,4,5,6,7,8,9,11,12,14,15,16;2,3,4,5,7,8,10,12,13,14,15,16;2,3,4,6,7,8,9,10,11,13,15,16;2,4,5,6,7,8,9,11,12,14,15,16;2,3,4,6,7,8,9,10,11,13,15,16;2,4,5,6,7,8,9,10,11,12,13,14;2,4,5,6,7,8,9,10,11,12,13,14
SmallGroup(128,1063)	(C4 x C4) : Q8	8	16	false	;3,4,5,7,9,10,11,12,13,14,15,16;2,4,7,8,9,11,12,14;2,3,6,8,9,10,11,12,13,14,15,16;2,8,9,10,11,13,15,16;4,7,10,12,13,14,15,16;2,3,6,8,9,10,11,12,13,14,15,16;3,4,5,7,9,10,11,12,13,14,15,16;2,3,4,5,7,8,10,12,13,14,15,16;2,4,5,6,7,8,9,11,12,14,15,16;2,3,4,5,7,8,10,12,13,14,15,16;2,3,4,6,7,8,9,10,11,13,15,16;2,4,5,6,7,8,9,11,12,14,15,16;2,3,4,6,7,8,9,10,11,13,15,16;2,4,5,6,7,8,9,10,11,12,13,14;2,4,5,6,7,8,9,10,11,12,13,14
SmallGroup(128,1064)	((C2 x Q8) : C2) : C4	8	16	false	;3,4,5,7,9,10,11,12,13,14,15,16;2,4,7,8,9,11,12,14;2,3,6,8,9,10,11,12,13,14,15,16;2,8,9,10,11,13,15,16;4,7,10,12,13,14,15,16;2,3,6,8,9,10,11,12,13,14,15,16;3,4,5,7,9,10,11,12,13,14,15,16;2,3,4,5,7,8,10,12,13,14,15,16;2,4,5,6,7,8,9,11,12,14,15,16;2,3,4,5,7,8,10,12,13,14,15,16;2,3,4,6,7,8,9,10,11,13,15,16;2,4,5,6,7,8,9,11,12,14,15,16;2,3,4,6,7,8,9,10,11,13,15,16;2,4,5,6,7,8,9,10,11,12,13,14;2,4,5,6,7,8,9,10,11,12,13,14
SmallGroup(128,1065)	(C4 : C4) : (C4 x C2)	8	16	false	;3,4,5,7,9,10,11,12,13,14,15,16;2,4,7,8,9,11,12,14;2,3,6,8,9,10,11,12,13,14,15,16;2,8,9,10,11,13,15,16;4,7,10,12,13,14,15,16;2,3,6,8,9,10,11,12,13,14,15,16;3,4,5,7,9,10,11,12,13,14,15,16;2,3,4,5,7,8,10,12,13,14,15,16;2,4,5,6,7,8,9,11,12,14,15,16;2,3,4,5,7,8,10,12,13,14,15,16;2,3,4,6,7,8,9,10,11,13,15,16;2,4,5,6,7,8,9,11,12,14,15,16;2,3,4,6,7,8,9,10,11,13,15,16;2,4,5,6,7,8,9,10,11,12,13,14;2,4,5,6,7,8,9,10,11,12,13,14
SmallGroup(128,1066)	(C4 : C4) : (C4 x C2)	8	16	false	;3,4,5,7,9,10,11,12,13,14,15,16;2,4,7,8,9,11,12,14;2,3,6,8,9,10,11,12,13,14,15,16;2,8,9,10,11,13,15,16;4,7,10,12,13,14,15,16;2,3,6,8,9,10,11,12,13,14,15,16;3,4,5,7,9,10,11,12,13,14,15,16;2,3,4,5,7,8,10,12,13,14,15,16;2,4,5,6,7,8,9,11,12,14,15,16;2,3,4,5,7,8,10,12,13,14,15,16;2,3,4,6,7,8,9,10,11,13,15,16;2,4,5,6,7,8,9,11,12,14,15,16;2,3,4,6,7,8,9,10,11,13,15,16;2,4,5,6,7,8,9,10,11,12,13,14;2,4,5,6,7,8,9,10,11,12,13,14
SmallGroup(128,1067)	(C4 : C4) : (C4 x C2)	8	16	false	;3,4,5,7,9,10,11,12,13,14,15,16;2,4,7,8,9,11,12,14;2,3,6,8,9,10,11,12,13,14,15,16;2,8,9,10,11,13,15,16;4,7,10,12,13,14,15,16;2,3,6,8,9,10,11,12,13,14,15,16;3,4,5,7,9,10,11,12,13,14,15,16;2,3,4,5,7,8,10,12,13,14,15,16;2,4,5,6,7,8,9,11,12,14,15,16;2,3,4,5,7,8,10,12,13,14,15,16;2,3,4,6,7,8,9,10,11,13,15,16;2,4,5,6,7,8,9,11,12,14,15,16;2,3,4,6,7,8,9,10,11,13,15,16;2,4,5,6,7,8,9,10,11,12,13,14;2,4,5,6,7,8,9,10,11,12,13,14
SmallGroup(128,1068)	((C2 x C2) . (C2 x C2 x C2)) : C4	8	16	false	;3,4,5,7,9,10,11,12,13,14,15,16;2,4,7,8,9,11,12,14;2,3,6,8,9,10,11,12,13,14,15,16;2,8,9,10,11,13,15,16;4,7,10,12,13,14,15,16;2,3,6,8,9,10,11,12,13,14,15,16;3,4,5,7,9,10,11,12,13,14,15,16;2,3,4,5,7,8,10,12,13,14,15,16;2,4,5,6,7,8,9,11,12,14,15,16;2,3,4,5,7,8,10,12,13,14,15,16;2,3,4,6,7,8,9,10,11,13,15,16;2,4,5,6,7,8,9,11,12,14,15,16;2,3,4,6,7,8,9,10,11,13,15,16;2,4,5,6,7,8,9,10,11,12,13,14;2,4,5,6,7,8,9,10,11,12,13,14
SmallGroup(128,1069)	(C2 x Q8) : (C4 x C2)	8	16	false	;3,4,5,7,9,10,11,12,13,14,15,16;2,4,7,8,9,11,12,14;2,3,6,8,9,10,11,12,13,14,15,16;2,8,9,10,11,13,15,16;4,7,10,12,13,14,15,16;2,3,6,8,9,10,11,12,13,14,15,16;3,4,5,7,9,10,11,12,13,14,15,16;2,3,4,5,7,8,10,12,13,14,15,16;2,4,5,6,7,8,9,11,12,14,15,16;2,3,4,5,7,8,10,12,13,14,15,16;2,3,4,6,7,8,9,10,11,13,15,16;2,4,5,6,7,8,9,11,12,14,15,16;2,3,4,6,7,8,9,10,11,13,15,16;2,4,5,6,7,8,9,10,11,12,13,14;2,4,5,6,7,8,9,10,11,12,13,14
SmallGroup(128,1107)	((C4 x C2) : C2) : (C4 x C2)	8	16	true	;3,4,5,6,7,8,9,10,11,12,14,16;2,4,5,6,7,8,9,10,11,13,14,15;2,3,7,8,9,10,11,12,13,14,15,16;2,3,7,8,9,10,11,12,13,14,15,16;2,3,7,8,9,10,11,12,13,14,15,16;2,3,4,5,6,8,9,12,13,14,15,16;2,3,4,5,6,7,10,11,12,13,15,16;2,3,4,5,6,7,10,11,12,13,15,16;2,3,4,5,6,8,9,12,13,14,15,16;2,3,4,5,6,8,9,12,13,14,15,16;2,4,5,6,7,8,9,10,11,13,14,15;3,4,5,6,7,8,9,10,11,12,14,16;2,3,4,5,6,7,10,11,12,13,15,16;3,4,5,6,7,8,9,10,11,12,14,16;2,4,5,6,7,8,9,10,11,13,14,15
SmallGroup(128,1108)	(C4 : C4) : (C4 x C2)	8	16	true	;3,4,5,6,7,8,9,10,11,12,14,16;2,4,5,6,7,8,9,10,11,13,14,15;2,3,7,8,9,10,11,12,13,14,15,16;2,3,7,8,9,10,11,12,13,14,15,16;2,3,7,8,9,10,11,12,13,14,15,16;2,3,4,5,6,8,9,12,13,14,15,16;2,3,4,5,6,7,10,11,12,13,15,16;2,3,4,5,6,7,10,11,12,13,15,16;2,3,4,5,6,8,9,12,13,14,15,16;2,3,4,5,6,8,9,12,13,14,15,16;2,4,5,6,7,8,9,10,11,13,14,15;3,4,5,6,7,8,9,10,11,12,14,16;2,3,4,5,6,7,10,11,12,13,15,16;3,4,5,6,7,8,9,10,11,12,14,16;2,4,5,6,7,8,9,10,11,13,14,15
SmallGroup(128,1109)	((C4 x C2) : C2) : (C4 x C2)	8	16	true	;3,4,5,6,7,8,9,10,11,12,14,16;2,4,5,6,7,8,9,10,11,13,14,15;2,3,7,8,9,10,11,12,13,14,15,16;2,3,7,8,9,10,11,12,13,14,15,16;2,3,7,8,9,10,11,12,13,14,15,16;2,3,4,5,6,8,9,12,13,14,15,16;2,3,4,5,6,7,10,11,12,13,15,16;2,3,4,5,6,7,10,11,12,13,15,16;2,3,4,5,6,8,9,12,13,14,15,16;2,3,4,5,6,8,9,12,13,14,15,16;2,4,5,6,7,8,9,10,11,13,14,15;3,4,5,6,7,8,9,10,11,12,14,16;2,3,4,5,6,7,10,11,12,13,15,16;3,4,5,6,7,8,9,10,11,12,14,16;2,4,5,6,7,8,9,10,11,13,14,15
SmallGroup(128,1110)	((C2 x Q8) : C2) : C4	8	16	true	;3,4,5,6,7,8,9,10,11,12,14,16;2,4,5,6,7,8,9,10,11,13,14,15;2,3,7,8,9,10,11,12,13,14,15,16;2,3,7,8,9,10,11,12,13,14,15,16;2,3,7,8,9,10,11,12,13,14,15,16;2,3,4,5,6,8,9,12,13,14,15,16;2,3,4,5,6,7,10,11,12,13,15,16;2,3,4,5,6,7,10,11,12,13,15,16;2,3,4,5,6,8,9,12,13,14,15,16;2,3,4,5,6,8,9,12,13,14,15,16;2,4,5,6,7,8,9,10,11,13,14,15;3,4,5,6,7,8,9,10,11,12,14,16;2,3,4,5,6,7,10,11,12,13,15,16;3,4,5,6,7,8,9,10,11,12,14,16;2,4,5,6,7,8,9,10,11,13,14,15
SmallGroup(128,1111)	((C4 x C2) : C2) : (C4 x C2)	8	16	true	;3,4,5,6,7,8,9,10,11,12,14,16;2,4,5,6,7,8,9,10,11,13,14,15;2,3,7,8,9,10,11,12,13,14,15,16;2,3,7,8,9,10,11,12,13,14,15,16;2,3,7,8,9,10,11,12,13,14,15,16;2,3,4,5,6,8,9,12,13,14,15,16;2,3,4,5,6,7,10,11,12,13,15,16;2,3,4,5,6,7,10,11,12,13,15,16;2,3,4,5,6,8,9,12,13,14,15,16;2,3,4,5,6,8,9,12,13,14,15,16;2,4,5,6,7,8,9,10,11,13,14,15;3,4,5,6,7,8,9,10,11,12,14,16;2,3,4,5,6,7,10,11,12,13,15,16;3,4,5,6,7,8,9,10,11,12,14,16;2,4,5,6,7,8,9,10,11,13,14,15
SmallGroup(128,1112)	(C2 x D8) : (C4 x C2)	8	16	true	;3,4,5,6,7,8,9,10,11,12,14,16;2,4,5,6,7,8,9,10,11,13,14,15;2,3,7,8,9,10,11,12,13,14,15,16;2,3,7,8,9,10,11,12,13,14,15,16;2,3,7,8,9,10,11,12,13,14,15,16;2,3,4,5,6,8,9,12,13,14,15,16;2,3,4,5,6,7,10,11,12,13,15,16;2,3,4,5,6,7,10,11,12,13,15,16;2,3,4,5,6,8,9,12,13,14,15,16;2,3,4,5,6,8,9,12,13,14,15,16;2,4,5,6,7,8,9,10,11,13,14,15;3,4,5,6,7,8,9,10,11,12,14,16;2,3,4,5,6,7,10,11,12,13,15,16;3,4,5,6,7,8,9,10,11,12,14,16;2,4,5,6,7,8,9,10,11,13,14,15
SmallGroup(128,1113)	(C4 : Q8) : C4	8	16	true	;3,4,5,6,7,8,9,10,11,12,14,16;2,4,5,6,7,8,9,10,11,13,14,15;2,3,7,8,9,10,11,12,13,14,15,16;2,3,7,8,9,10,11,12,13,14,15,16;2,3,7,8,9,10,11,12,13,14,15,16;2,3,4,5,6,8,9,12,13,14,15,16;2,3,4,5,6,7,10,11,12,13,15,16;2,3,4,5,6,7,10,11,12,13,15,16;2,3,4,5,6,8,9,12,13,14,15,16;2,3,4,5,6,8,9,12,13,14,15,16;2,4,5,6,7,8,9,10,11,13,14,15;3,4,5,6,7,8,9,10,11,12,14,16;2,3,4,5,6,7,10,11,12,13,15,16;3,4,5,6,7,8,9,10,11,12,14,16;2,4,5,6,7,8,9,10,11,13,14,15
SmallGroup(128,1114)	((C2 x C2) . (C2 x C2 x C2)) : C4	8	16	true	;3,4,5,6,7,8,9,10,11,12,14,16;2,4,5,6,7,8,9,10,11,13,14,15;2,3,7,8,9,10,11,12,13,14,15,16;2,3,7,8,9,10,11,12,13,14,15,16;2,3,7,8,9,10,11,12,13,14,15,16;2,3,4,5,6,8,9,12,13,14,15,16;2,3,4,5,6,7,10,11,12,13,15,16;2,3,4,5,6,7,10,11,12,13,15,16;2,3,4,5,6,8,9,12,13,14,15,16;2,3,4,5,6,8,9,12,13,14,15,16;2,4,5,6,7,8,9,10,11,13,14,15;3,4,5,6,7,8,9,10,11,12,14,16;2,3,4,5,6,7,10,11,12,13,15,16;3,4,5,6,7,8,9,10,11,12,14,16;2,4,5,6,7,8,9,10,11,13,14,15
SmallGroup(128,1115)	(C4 : C4) : (C4 x C2)	8	16	true	;3,4,5,6,7,8,9,10,11,12,14,16;2,4,5,6,7,8,9,10,11,13,14,15;2,3,7,8,9,10,11,12,13,14,15,16;2,3,7,8,9,10,11,12,13,14,15,16;2,3,7,8,9,10,11,12,13,14,15,16;2,3,4,5,6,8,9,12,13,14,15,16;2,3,4,5,6,7,10,11,12,13,15,16;2,3,4,5,6,7,10,11,12,13,15,16;2,3,4,5,6,8,9,12,13,14,15,16;2,3,4,5,6,8,9,12,13,14,15,16;2,4,5,6,7,8,9,10,11,13,14,15;3,4,5,6,7,8,9,10,11,12,14,16;2,3,4,5,6,7,10,11,12,13,15,16;3,4,5,6,7,8,9,10,11,12,14,16;2,4,5,6,7,8,9,10,11,13,14,15
SmallGroup(128,1601)	C8 x C4 x C2 x C2	128	1	true	
SmallGroup(128,1602)	C2 x C2 x (C8 : C4)	32	4	true	;3,4;2,4;2,3
SmallGroup(128,1603)	C2 x C4 x (C8 : C2)	32	4	true	;3,4;2,4;2,3
SmallGroup(128,1604)	C2 x ((C8 : C2) : C4)	32	4	true	;3,4;2,4;2,3
SmallGroup(128,1605)	(C8 x C2) : (C4 x C2)	8	16	false	;5,8,9,10,12,14,15,16;4,7,9,11,12,13,15,16;3,6,8,11,12,13,14,16;2,6,7,10,12,13,14,15;4,5,7,8,10,11,13,14;3,5,6,9,10,11,13,15;2,4,6,9,10,11,14,16;2,3,7,8,10,11,15,16;2,5,6,7,8,9,13,16;3,4,6,7,8,9,14,15;2,3,4,5,13,14,15,16;3,4,5,6,7,10,12,16;2,4,5,6,8,11,12,15;2,3,5,7,9,11,12,14;2,3,4,8,9,10,12,13
SmallGroup(128,1606)	C4 x ((C8 x C2) : C2)	32	4	true	;3,4;2,4;2,3
SmallGroup(128,1607)	(C8 : C2) : (C4 x C2)	8	16	false	;3,8,9,10,12,13,14,16;2,6,7,10,12,13,14,15;5,7,9,11,12,14,15,16;4,6,8,11,12,13,15,16;3,5,7,8,10,11,13,15;3,4,6,9,10,11,14,15;2,5,6,9,10,11,13,16;2,4,7,8,10,11,14,16;2,3,6,7,8,9,15,16;4,5,6,7,8,9,13,14;2,3,4,5,13,14,15,16;2,3,5,6,8,11,12,14;2,3,4,7,9,11,12,13;3,4,5,6,7,10,12,16;2,4,5,8,9,10,12,15
SmallGroup(128,1608)	C2 x C2 x ((C8 x C2) : C2)	32	4	true	;3,4;2,4;2,3
SmallGroup(128,1609)	C2 x ((C2 x C2) : (C8 : C2))	16	8	true	;3,4,5,6,7,8;2,6,7,8;2,6,7,8;2,6,7,8;2,3,4,5,7,8;2,3,4,5,6,8;2,3,4,5,6,7
SmallGroup(128,1610)	C2 x (((C8 x C2) : C2) : C2)	16	8	true	;3,6,7,8;2,4,5,6,7,8;3,6,7,8;3,6,7,8;2,3,4,5,7,8;2,3,4,5,6,8;2,3,4,5,6,7
SmallGroup(128,1611)	((C8 x C2) : C2) : (C2 x C2)	8	16	false	;3,5,7,8,9,10,11,12,13,14,15,16;2,4,6,8,9,10,11,12,13,14,15,16;3,7,9,11,13,14,15,16;2,6,9,10,12,14,15,16;3,5,7,8,9,10,11,12,13,14,15,16;2,4,6,8,9,10,11,12,13,14,15,16;2,3,6,7,10,11,12,13;2,3,4,5,6,7,10,11,12,13,15,16;2,3,5,6,7,8,9,11,13,14,15,16;2,3,4,6,7,8,9,10,12,14,15,16;2,3,5,6,7,8,9,11,13,14,15,16;2,3,4,6,7,8,9,10,12,14,15,16;2,3,4,5,6,7,10,11,12,13,15,16;2,3,4,5,6,7,9,10,11,12,13,14;2,3,4,5,6,7,9,10,11,12,13,14
SmallGroup(128,1613)	C2 x C2 x ((C2 x C2 x C2) : C4)	8	16	false	;3,4,7,8,9,10,11,12,13,14,15,16;2,5,6,8,9,10,11,12,13,14,15,16;2,6,9,10,11,12,14,16;3,7,9,10,11,13,15,16;3,4,7,8,9,10,11,12,13,14,15,16;2,5,6,8,9,10,11,12,13,14,15,16;2,3,6,7,12,13,14,15;2,3,4,5,6,7,11,12,13,14,15,16;2,3,4,5,6,7,11,12,13,14,15,16;2,3,4,5,6,7,9,10,12,13,14,15;2,3,4,6,7,8,9,10,11,13,15,16;2,3,5,6,7,8,9,10,11,12,14,16;2,3,4,6,7,8,9,10,11,13,15,16;2,3,5,6,7,8,9,10,11,12,14,16;2,3,4,5,6,7,9,10,12,13,14,15
SmallGroup(128,1614)	C2 x ((C2 x Q8) : C4)	8	16	false	;3,4,7,8,9,10,11,12,13,14,15,16;2,5,6,8,9,10,11,12,13,14,15,16;2,6,9,10,11,12,14,16;3,7,9,10,11,13,15,16;3,4,7,8,9,10,11,12,13,14,15,16;2,5,6,8,9,10,11,12,13,14,15,16;2,3,6,7,12,13,14,15;2,3,4,5,6,7,11,12,13,14,15,16;2,3,4,5,6,7,11,12,13,14,15,16;2,3,4,5,6,7,9,10,12,13,14,15;2,3,4,6,7,8,9,10,11,13,15,16;2,3,5,6,7,8,9,10,11,12,14,16;2,3,4,6,7,8,9,10,11,13,15,16;2,3,5,6,7,8,9,10,11,12,14,16;2,3,4,5,6,7,9,10,12,13,14,15
SmallGroup(128,1617)	C2 x C2 x ((C8 : C2) : C2)	8	16	false	;3,4,7,8,9,10,11,12,13,14,15,16;2,5,6,8,9,10,11,12,13,14,15,16;2,6,9,10,11,12,14,16;3,7,9,10,11,13,15,16;3,4,7,8,9,10,11,12,13,14,15,16;2,5,6,8,9,10,11,12,13,14,15,16;2,3,6,7,12,13,14,15;2,3,4,5,6,7,11,12,13,14,15,16;2,3,4,5,6,7,11,12,13,14,15,16;2,3,4,5,6,7,9,10,12,13,14,15;2,3,4,6,7,8,9,10,11,13,15,16;2,3,5,6,7,8,9,10,11,12,14,16;2,3,4,6,7,8,9,10,11,13,15,16;2,3,5,6,7,8,9,10,11,12,14,16;2,3,4,5,6,7,9,10,12,13,14,15
SmallGroup(128,1618)	C2 x C2 x (C2 . ((C4 x C2) : C2) = (C2 x C2) . (C4 x C2))	8	16	false	;3,4,7,8,9,10,11,12,13,14,15,16;2,5,6,8,9,10,11,12,13,14,15,16;2,6,9,10,11,12,14,16;3,7,9,10,11,13,15,16;3,4,7,8,9,10,11,12,13,14,15,16;2,5,6,8,9,10,11,12,13,14,15,16;2,3,6,7,12,13,14,15;2,3,4,5,6,7,11,12,13,14,15,16;2,3,4,5,6,7,11,12,13,14,15,16;2,3,4,5,6,7,9,10,12,13,14,15;2,3,4,6,7,8,9,10,11,13,15,16;2,3,5,6,7,8,9,10,11,12,14,16;2,3,4,6,7,8,9,10,11,13,15,16;2,3,5,6,7,8,9,10,11,12,14,16;2,3,4,5,6,7,9,10,12,13,14,15
SmallGroup(128,1619)	C2 x ((C2 . ((C4 x C2) : C2) = (C2 x C2) . (C4 x C2)) : C2)	8	16	false	;3,4,7,8,9,10,11,12,13,14,15,16;2,5,6,8,9,10,11,12,13,14,15,16;2,6,9,10,11,12,14,16;3,7,9,10,11,13,15,16;3,4,7,8,9,10,11,12,13,14,15,16;2,5,6,8,9,10,11,12,13,14,15,16;2,3,6,7,12,13,14,15;2,3,4,5,6,7,11,12,13,14,15,16;2,3,4,5,6,7,11,12,13,14,15,16;2,3,4,5,6,7,9,10,12,13,14,15;2,3,4,6,7,8,9,10,11,13,15,16;2,3,5,6,7,8,9,10,11,12,14,16;2,3,4,6,7,8,9,10,11,13,15,16;2,3,5,6,7,8,9,10,11,12,14,16;2,3,4,5,6,7,9,10,12,13,14,15
SmallGroup(128,1622)	C2 x C2 x ((C8 x C2) : C2)	16	8	true	;3,4,5,6,7,8;2,4,5,6,7,8;2,3,7,8;2,3,7,8;2,3,7,8;2,3,4,5,6,8;2,3,4,5,6,7
SmallGroup(128,1623)	C2 x C2 x (Q8 : C4)	16	8	true	;3,4,5,6,7,8;2,4,5,6,7,8;2,3,7,8;2,3,7,8;2,3,7,8;2,3,4,5,6,8;2,3,4,5,6,7
SmallGroup(128,1624)	C2 x (((C4 x C2) : C2) : C4)	16	8	true	;3,4,5,6,7,8;2,4,5,6,7,8;2,3,7,8;2,3,7,8;2,3,7,8;2,3,4,5,6,8;2,3,4,5,6,7
SmallGroup(128,1625)	C2 x ((C2 x D8) : C4)	8	16	false	;3,4,5,6,8,9,10,12,13,14,15,16;2,5,7,8,9,10,11,12,13,14,15,16;2,8,9,10,11,12,13,16;2,3,6,11,12,13,14,15;2,5,7,8,9,10,11,12,13,14,15,16;3,6,8,9,10,14,15,16;2,3,4,6,7,9,10,11,12,13,14,15;2,3,4,6,7,8,11,12,13,14,15,16;2,3,4,6,7,8,11,12,13,14,15,16;3,4,5,6,8,9,10,12,13,14,15,16;2,3,4,5,6,8,9,10,11,14,15,16;2,3,4,5,6,8,9,10,11,14,15,16;2,3,5,6,7,8,9,10,11,12,13,16;2,3,5,6,7,8,9,10,11,12,13,16;2,3,4,6,7,9,10,11,12,13,14,15
SmallGroup(128,1626)	C2 x ((C2 x Q8) : C4)	8	16	false	;3,4,5,6,8,9,10,12,13,14,15,16;2,5,7,8,9,10,11,12,13,14,15,16;2,8,9,10,11,12,13,16;2,3,6,11,12,13,14,15;2,5,7,8,9,10,11,12,13,14,15,16;3,6,8,9,10,14,15,16;2,3,4,6,7,9,10,11,12,13,14,15;2,3,4,6,7,8,11,12,13,14,15,16;2,3,4,6,7,8,11,12,13,14,15,16;3,4,5,6,8,9,10,12,13,14,15,16;2,3,4,5,6,8,9,10,11,14,15,16;2,3,4,5,6,8,9,10,11,14,15,16;2,3,5,6,7,8,9,10,11,12,13,16;2,3,5,6,7,8,9,10,11,12,13,16;2,3,4,6,7,9,10,11,12,13,14,15
SmallGroup(128,1627)	C2 x (Q8 : (C4 x C2))	8	16	false	;3,4,5,6,8,9,10,12,13,14,15,16;2,5,7,8,9,10,11,12,13,14,15,16;2,8,9,10,11,12,13,16;2,3,6,11,12,13,14,15;2,5,7,8,9,10,11,12,13,14,15,16;3,6,8,9,10,14,15,16;2,3,4,6,7,9,10,11,12,13,14,15;2,3,4,6,7,8,11,12,13,14,15,16;2,3,4,6,7,8,11,12,13,14,15,16;3,4,5,6,8,9,10,12,13,14,15,16;2,3,4,5,6,8,9,10,11,14,15,16;2,3,4,5,6,8,9,10,11,14,15,16;2,3,5,6,7,8,9,10,11,12,13,16;2,3,5,6,7,8,9,10,11,12,13,16;2,3,4,6,7,9,10,11,12,13,14,15
SmallGroup(128,1628)	(C2 x Q8) : (C4 x C2)	8	16	false	;3,4,5,6,8,9,10,12,13,14,15,16;2,5,7,8,9,10,11,12,13,14,15,16;2,8,9,10,11,12,13,16;2,3,6,11,12,13,14,15;2,5,7,8,9,10,11,12,13,14,15,16;3,6,8,9,10,14,15,16;2,3,4,6,7,9,10,11,12,13,14,15;2,3,4,6,7,8,11,12,13,14,15,16;2,3,4,6,7,8,11,12,13,14,15,16;3,4,5,6,8,9,10,12,13,14,15,16;2,3,4,5,6,8,9,10,11,14,15,16;2,3,4,5,6,8,9,10,11,14,15,16;2,3,5,6,7,8,9,10,11,12,13,16;2,3,5,6,7,8,9,10,11,12,13,16;2,3,4,6,7,9,10,11,12,13,14,15
SmallGroup(128,1631)	C2 x C2 x ((C4 x C4) : C2)	16	8	true	;3,4,5,6,7,8;2,4,5,6,7,8;2,3,7,8;2,3,7,8;2,3,7,8;2,3,4,5,6,8;2,3,4,5,6,7
SmallGroup(128,1632)	C2 x (((C4 x C2) : C2) : C4)	8	16	false	;3,4,5,6,8,9,10,12,13,14,15,16;2,5,7,8,9,10,11,12,13,14,15,16;2,8,9,10,11,12,13,16;2,3,6,11,12,13,14,15;2,5,7,8,9,10,11,12,13,14,15,16;3,6,8,9,10,14,15,16;2,3,4,6,7,9,10,11,12,13,14,15;2,3,4,6,7,8,11,12,13,14,15,16;2,3,4,6,7,8,11,12,13,14,15,16;3,4,5,6,8,9,10,12,13,14,15,16;2,3,4,5,6,8,9,10,11,14,15,16;2,3,4,5,6,8,9,10,11,14,15,16;2,3,5,6,7,8,9,10,11,12,13,16;2,3,5,6,7,8,9,10,11,12,13,16;2,3,4,6,7,9,10,11,12,13,14,15
SmallGroup(128,1634)	C2 x C2 x (C4 : C8)	32	4	true	;3,4;2,4;2,3
SmallGroup(128,1635)	C2 x (C4 : (C8 : C2))	16	8	true	;3,4,5,6,7,8;2,6,7,8;2,6,7,8;2,6,7,8;2,3,4,5,7,8;2,3,4,5,6,8;2,3,4,5,6,7
SmallGroup(128,1636)	C2 x ((C4 : C8) : C2)	16	8	true	;3,6,7,8;2,4,5,6,7,8;3,6,7,8;3,6,7,8;2,3,4,5,7,8;2,3,4,5,6,8;2,3,4,5,6,7
SmallGroup(128,1637)	(C4 : C8) : (C2 x C2)	8	16	false	;3,5,7,8,9,10,11,12,13,14,15,16;2,4,6,8,9,10,11,12,13,14,15,16;3,7,9,11,13,14,15,16;2,6,9,10,12,14,15,16;3,5,7,8,9,10,11,12,13,14,15,16;2,4,6,8,9,10,11,12,13,14,15,16;2,3,6,7,10,11,12,13;2,3,4,5,6,7,10,11,12,13,15,16;2,3,5,6,7,8,9,11,13,14,15,16;2,3,4,6,7,8,9,10,12,14,15,16;2,3,5,6,7,8,9,11,13,14,15,16;2,3,4,6,7,8,9,10,12,14,15,16;2,3,4,5,6,7,10,11,12,13,15,16;2,3,4,5,6,7,9,10,11,12,13,14;2,3,4,5,6,7,9,10,11,12,13,14
SmallGroup(128,1639)	C2 x C2 x (C8 : C4)	16	8	true	;3,4,5,6,7,8;2,5,7,8;2,5,7,8;2,3,4,6,7,8;2,5,7,8;2,3,4,5,6,8;2,3,4,5,6,7
SmallGroup(128,1640)	C2 x C2 x (C8 : C4)	16	8	true	;3,4,5,6,7,8;2,5,7,8;2,5,7,8;2,3,4,6,7,8;2,5,7,8;2,3,4,5,6,8;2,3,4,5,6,7
SmallGroup(128,1641)	C2 x ((C8 x C2) : C4)	16	8	true	;3,4,5,6,7,8;2,5,7,8;2,5,7,8;2,3,4,6,7,8;2,5,7,8;2,3,4,5,6,8;2,3,4,5,6,7
SmallGroup(128,1642)	C2 x (C8 : (C4 x C2))	8	16	false	;3,5,6,8,9,10,11,12,13,14,15,16;2,4,6,7,9,10,11,12,13,14,15,16;3,6,8,10,12,13,15,16;2,6,7,10,11,13,14,16;2,3,4,5,7,8,10,11,12,13,14,15;3,5,6,8,9,10,11,12,13,14,15,16;2,4,6,7,9,10,11,12,13,14,15,16;2,3,7,8,11,12,14,15;2,3,4,5,6,7,8,11,12,14,15,16;2,3,5,6,7,8,9,10,12,13,15,16;2,3,4,6,7,8,9,10,11,13,14,16;2,3,4,5,6,7,8,11,12,14,15,16;2,3,5,6,7,8,9,10,12,13,15,16;2,3,4,6,7,8,9,10,11,13,14,16;2,3,4,5,7,8,10,11,12,13,14,15
SmallGroup(128,1643)	(C8 : C2) : (C4 x C2)	8	16	false	;3,5,6,8,9,10,11,12,13,14,15,16;2,4,6,7,9,10,11,12,13,14,15,16;3,6,8,10,12,13,15,16;2,6,7,10,11,13,14,16;2,3,4,5,7,8,10,11,12,13,14,15;3,5,6,8,9,10,11,12,13,14,15,16;2,4,6,7,9,10,11,12,13,14,15,16;2,3,7,8,11,12,14,15;2,3,4,5,6,7,8,11,12,14,15,16;2,3,5,6,7,8,9,10,12,13,15,16;2,3,4,6,7,8,9,10,11,13,14,16;2,3,4,5,6,7,8,11,12,14,15,16;2,3,5,6,7,8,9,10,12,13,15,16;2,3,4,6,7,8,9,10,11,13,14,16;2,3,4,5,7,8,10,11,12,13,14,15
SmallGroup(128,1646)	C2 x C2 x (C4 . D8 = C4 . (C4 x C2))	16	8	true	;3,4,5,6,7,8;2,5,7,8;2,5,7,8;2,3,4,6,7,8;2,5,7,8;2,3,4,5,6,8;2,3,4,5,6,7
SmallGroup(128,1647)	C2 x ((C4 . D8 = C4 . (C4 x C2)) : C2)	8	16	false	;3,5,6,8,9,10,11,12,13,14,15,16;2,4,6,7,9,10,11,12,13,14,15,16;3,6,8,10,12,13,15,16;2,6,7,10,11,13,14,16;2,3,4,5,7,8,10,11,12,13,14,15;3,5,6,8,9,10,11,12,13,14,15,16;2,4,6,7,9,10,11,12,13,14,15,16;2,3,7,8,11,12,14,15;2,3,4,5,6,7,8,11,12,14,15,16;2,3,5,6,7,8,9,10,12,13,15,16;2,3,4,6,7,8,9,10,11,13,14,16;2,3,4,5,6,7,8,11,12,14,15,16;2,3,5,6,7,8,9,10,12,13,15,16;2,3,4,6,7,8,9,10,11,13,14,16;2,3,4,5,7,8,10,11,12,13,14,15
SmallGroup(128,1649)	C2 x ((C4 x C2) : C8)	32	4	true	;3,4;2,4;2,3
SmallGroup(128,1650)	C2 x ((C4 : C8) : C2)	16	8	true	;3,4,5,6,7,8;2,6,7,8;2,6,7,8;2,6,7,8;2,3,4,5,7,8;2,3,4,5,6,8;2,3,4,5,6,7
SmallGroup(128,1651)	C2 x ((C4 : C8) : C2)	16	8	true	;3,6,7,8;2,4,5,6,7,8;3,6,7,8;3,6,7,8;2,3,4,5,7,8;2,3,4,5,6,8;2,3,4,5,6,7
SmallGroup(128,1652)	(C4 x C2) : (C8 : C2)	16	8	true	;3,4,5,6,7,8;2,6,7,8;2,6,7,8;2,6,7,8;2,3,4,5,7,8;2,3,4,5,6,8;2,3,4,5,6,7
SmallGroup(128,1653)	(C4 : C8) : (C2 x C2)	8	16	false	;3,5,7,8,9,10,11,12,13,14,15,16;2,4,6,8,9,10,11,12,13,14,15,16;3,7,9,11,13,14,15,16;2,6,9,10,12,14,15,16;3,5,7,8,9,10,11,12,13,14,15,16;2,4,6,8,9,10,11,12,13,14,15,16;2,3,6,7,10,11,12,13;2,3,4,5,6,7,10,11,12,13,15,16;2,3,5,6,7,8,9,11,13,14,15,16;2,3,4,6,7,8,9,10,12,14,15,16;2,3,5,6,7,8,9,11,13,14,15,16;2,3,4,6,7,8,9,10,12,14,15,16;2,3,4,5,6,7,10,11,12,13,15,16;2,3,4,5,6,7,9,10,11,12,13,14;2,3,4,5,6,7,9,10,11,12,13,14
SmallGroup(128,1654)	((C4 : C8) : C2) : C2	16	8	true	;3,6,7,8;2,4,5,6,7,8;3,6,7,8;3,6,7,8;2,3,4,5,7,8;2,3,4,5,6,8;2,3,4,5,6,7
SmallGroup(128,1655)	((C4 : C8) : C2) : C2	8	16	false	;3,4,7,8,9,10,11,12,13,14,15,16;2,5,6,8,9,10,11,12,13,14,15,16;2,6,9,10,12,14,15,16;3,7,9,11,13,14,15,16;3,4,7,8,9,10,11,12,13,14,15,16;2,5,6,8,9,10,11,12,13,14,15,16;2,3,6,7,10,11,12,13;2,3,4,5,6,7,10,11,12,13,15,16;2,3,4,6,7,8,9,11,13,14,15,16;2,3,5,6,7,8,9,10,12,14,15,16;2,3,4,6,7,8,9,11,13,14,15,16;2,3,5,6,7,8,9,10,12,14,15,16;2,3,4,5,6,7,10,11,12,13,15,16;2,3,4,5,6,7,9,10,11,12,13,14;2,3,4,5,6,7,9,10,11,12,13,14
SmallGroup(128,1658)	C2 x C8 x D8	32	4	true	;3,4;2,4;2,3
SmallGroup(128,1659)	C2 x ((C2 x C2) : (C8 : C2))	16	8	true	;3,4,5,6,7,8;2,6,7,8;2,6,7,8;2,6,7,8;2,3,4,5,7,8;2,3,4,5,6,8;2,3,4,5,6,7
SmallGroup(128,1660)	C2 x (C4 : (C8 : C2))	16	8	true	;3,4,5,6,7,8;2,4,5,6,7,8;2,3,6,7;2,3,6,7;2,3,4,5,7,8;2,3,4,5,6,8;2,3,6,7
SmallGroup(128,1661)	(C2 x C2) : ((C8 x C2) : C2)	16	8	true	;3,4,5,6,7,8;2,6,7,8;2,6,7,8;2,6,7,8;2,3,4,5,7,8;2,3,4,5,6,8;2,3,4,5,6,7
SmallGroup(128,1662)	(C8 x C2) : D8	8	16	false	;3,5,7,8,9,10,11,12,13,14,15,16;2,4,6,8,9,10,11,12,13,14,15,16;3,7,9,11,13,14,15,16;2,6,9,10,12,14,15,16;3,5,7,8,9,10,11,12,13,14,15,16;2,4,6,8,9,10,11,12,13,14,15,16;2,3,6,7,10,11,12,13;2,3,4,5,6,7,10,11,12,13,15,16;2,3,5,6,7,8,9,11,13,14,15,16;2,3,4,6,7,8,9,10,12,14,15,16;2,3,5,6,7,8,9,11,13,14,15,16;2,3,4,6,7,8,9,10,12,14,15,16;2,3,4,5,6,7,10,11,12,13,15,16;2,3,4,5,6,7,9,10,11,12,13,14;2,3,4,5,6,7,9,10,11,12,13,14
SmallGroup(128,1663)	C4 : ((C8 x C2) : C2)	16	8	true	;3,4,5,6,7,8;2,4,5,6,7,8;2,3,6,7;2,3,6,7;2,3,4,5,7,8;2,3,4,5,6,8;2,3,6,7
SmallGroup(128,1664)	(C8 x C2) : D8	8	16	false	;3,4,5,6,8,10,11,12,13,14,15,16;2,5,7,8,9,10,11,12,13,14,15,16;2,8,9,10,11,13,15,16;2,3,6,9,10,11,12,14;2,5,7,8,9,10,11,12,13,14,15,16;3,6,8,12,13,14,15,16;2,3,4,6,7,9,10,11,12,14,15,16;3,4,5,6,8,10,11,12,13,14,15,16;2,3,4,5,6,8,9,12,13,14,15,16;2,3,4,5,6,8,9,12,13,14,15,16;2,3,5,6,7,8,9,10,11,13,15,16;2,3,4,6,7,9,10,11,12,14,15,16;2,3,5,6,7,8,9,10,11,13,15,16;2,3,4,6,7,8,9,10,11,12,13,14;2,3,4,6,7,8,9,10,11,12,13,14
SmallGroup(128,1668)	C2 x C4 x D16	16	8	true	;3,4,5,6,7,8;2,4,5,6,7,8;2,3,7,8;2,3,7,8;2,3,7,8;2,3,4,5,6,8;2,3,4,5,6,7
SmallGroup(128,1669)	C2 x C4 x QD16	16	8	true	;3,4,5,6,7,8;2,4,5,6,7,8;2,3,7,8;2,3,7,8;2,3,7,8;2,3,4,5,6,8;2,3,4,5,6,7
SmallGroup(128,1670)	C2 x C4 x Q16	16	8	true	;3,4,5,6,7,8;2,4,5,6,7,8;2,3,7,8;2,3,7,8;2,3,7,8;2,3,4,5,6,8;2,3,4,5,6,7
SmallGroup(128,1671)	C4 x ((C8 x C2) : C2)	16	8	true	;3,4,5,6,7,8;2,4,5,6,7,8;2,3,7,8;2,3,7,8;2,3,7,8;2,3,4,5,6,8;2,3,4,5,6,7
SmallGroup(128,1672)	C2 x (C8 : (C4 x C2))	8	16	false	;3,4,5,6,8,9,10,12,13,14,15,16;2,5,7,8,9,10,11,12,13,14,15,16;2,8,9,10,11,12,13,16;2,3,6,11,12,13,14,15;2,5,7,8,9,10,11,12,13,14,15,16;3,6,8,9,10,14,15,16;2,3,4,6,7,9,10,11,12,13,14,15;2,3,4,6,7,8,11,12,13,14,15,16;2,3,4,6,7,8,11,12,13,14,15,16;3,4,5,6,8,9,10,12,13,14,15,16;2,3,4,5,6,8,9,10,11,14,15,16;2,3,4,5,6,8,9,10,11,14,15,16;2,3,5,6,7,8,9,10,11,12,13,16;2,3,5,6,7,8,9,10,11,12,13,16;2,3,4,6,7,9,10,11,12,13,14,15
SmallGroup(128,1673)	C2 x (Q16 : C4)	8	16	false	;3,4,5,6,8,9,10,12,13,14,15,16;2,5,7,8,9,10,11,12,13,14,15,16;2,8,9,10,11,12,13,16;2,3,6,11,12,13,14,15;2,5,7,8,9,10,11,12,13,14,15,16;3,6,8,9,10,14,15,16;2,3,4,6,7,9,10,11,12,13,14,15;2,3,4,6,7,8,11,12,13,14,15,16;2,3,4,6,7,8,11,12,13,14,15,16;3,4,5,6,8,9,10,12,13,14,15,16;2,3,4,5,6,8,9,10,11,14,15,16;2,3,4,5,6,8,9,10,11,14,15,16;2,3,5,6,7,8,9,10,11,12,13,16;2,3,5,6,7,8,9,10,11,12,13,16;2,3,4,6,7,9,10,11,12,13,14,15
SmallGroup(128,1674)	C2 x (C8 : (C4 x C2))	8	16	false	;3,4,5,6,8,9,10,12,13,14,15,16;2,5,7,8,9,10,11,12,13,14,15,16;2,8,9,10,11,12,13,16;2,3,6,11,12,13,14,15;2,5,7,8,9,10,11,12,13,14,15,16;3,6,8,9,10,14,15,16;2,3,4,6,7,9,10,11,12,13,14,15;2,3,4,6,7,8,11,12,13,14,15,16;2,3,4,6,7,8,11,12,13,14,15,16;3,4,5,6,8,9,10,12,13,14,15,16;2,3,4,5,6,8,9,10,11,14,15,16;2,3,4,5,6,8,9,10,11,14,15,16;2,3,5,6,7,8,9,10,11,12,13,16;2,3,5,6,7,8,9,10,11,12,13,16;2,3,4,6,7,9,10,11,12,13,14,15
SmallGroup(128,1675)	QD16 : (C4 x C2)	8	16	false	;3,4,5,6,8,9,10,12,13,14,15,16;2,5,7,8,9,10,11,12,13,14,15,16;2,8,9,10,11,12,13,16;2,3,6,11,12,13,14,15;2,5,7,8,9,10,11,12,13,14,15,16;3,6,8,9,10,14,15,16;2,3,4,6,7,9,10,11,12,13,14,15;2,3,4,6,7,8,11,12,13,14,15,16;2,3,4,6,7,8,11,12,13,14,15,16;3,4,5,6,8,9,10,12,13,14,15,16;2,3,4,5,6,8,9,10,11,14,15,16;2,3,4,5,6,8,9,10,11,14,15,16;2,3,5,6,7,8,9,10,11,12,13,16;2,3,5,6,7,8,9,10,11,12,13,16;2,3,4,6,7,9,10,11,12,13,14,15
SmallGroup(128,1676)	C4 x (C8 : (C2 x C2))	8	16	false	;3,4,5,6,8,9,10,12,13,14,15,16;2,5,7,8,9,10,11,12,13,14,15,16;2,8,9,10,11,12,13,16;2,3,6,11,12,13,14,15;2,5,7,8,9,10,11,12,13,14,15,16;3,6,8,9,10,14,15,16;2,3,4,6,7,9,10,11,12,13,14,15;2,3,4,6,7,8,11,12,13,14,15,16;2,3,4,6,7,8,11,12,13,14,15,16;3,4,5,6,8,9,10,12,13,14,15,16;2,3,4,5,6,8,9,10,11,14,15,16;2,3,4,5,6,8,9,10,11,14,15,16;2,3,5,6,7,8,9,10,11,12,13,16;2,3,5,6,7,8,9,10,11,12,13,16;2,3,4,6,7,9,10,11,12,13,14,15
SmallGroup(128,1677)	C4 x ((C2 x Q8) : C2)	8	16	false	;3,4,5,6,8,9,10,12,13,14,15,16;2,5,7,8,9,10,11,12,13,14,15,16;2,8,9,10,11,12,13,16;2,3,6,11,12,13,14,15;2,5,7,8,9,10,11,12,13,14,15,16;3,6,8,9,10,14,15,16;2,3,4,6,7,9,10,11,12,13,14,15;2,3,4,6,7,8,11,12,13,14,15,16;2,3,4,6,7,8,11,12,13,14,15,16;3,4,5,6,8,9,10,12,13,14,15,16;2,3,4,5,6,8,9,10,11,14,15,16;2,3,4,5,6,8,9,10,11,14,15,16;2,3,5,6,7,8,9,10,11,12,13,16;2,3,5,6,7,8,9,10,11,12,13,16;2,3,4,6,7,9,10,11,12,13,14,15
SmallGroup(128,1685)	C2 x (QD16 : C4)	16	8	true	;3,4,5,6,7,8;2,4,5,6,7,8;2,3,7,8;2,3,7,8;2,3,7,8;2,3,4,5,6,8;2,3,4,5,6,7
SmallGroup(128,1686)	C2 x (Q16 : C4)	8	16	false	;3,4,5,6,8,9,10,12,13,14,15,16;2,5,7,8,9,10,11,12,13,14,15,16;2,8,9,10,11,12,13,16;2,3,6,11,12,13,14,15;2,5,7,8,9,10,11,12,13,14,15,16;3,6,8,9,10,14,15,16;2,3,4,6,7,9,10,11,12,13,14,15;2,3,4,6,7,8,11,12,13,14,15,16;2,3,4,6,7,8,11,12,13,14,15,16;3,4,5,6,8,9,10,12,13,14,15,16;2,3,4,5,6,8,9,10,11,14,15,16;2,3,4,5,6,8,9,10,11,14,15,16;2,3,5,6,7,8,9,10,11,12,13,16;2,3,5,6,7,8,9,10,11,12,13,16;2,3,4,6,7,9,10,11,12,13,14,15
SmallGroup(128,1687)	(C8 : (C2 x C2)) : C4	8	16	false	;3,4,5,6,8,9,10,12,13,14,15,16;2,5,7,8,9,10,11,12,13,14,15,16;2,8,9,10,11,12,13,16;2,3,6,11,12,13,14,15;2,5,7,8,9,10,11,12,13,14,15,16;3,6,8,9,10,14,15,16;2,3,4,6,7,9,10,11,12,13,14,15;2,3,4,6,7,8,11,12,13,14,15,16;2,3,4,6,7,8,11,12,13,14,15,16;3,4,5,6,8,9,10,12,13,14,15,16;2,3,4,5,6,8,9,10,11,14,15,16;2,3,4,5,6,8,9,10,11,14,15,16;2,3,5,6,7,8,9,10,11,12,13,16;2,3,5,6,7,8,9,10,11,12,13,16;2,3,4,6,7,9,10,11,12,13,14,15
SmallGroup(128,1690)	C2 x C8 x Q8	32	4	true	;3,4;2,4;2,3
SmallGroup(128,1691)	C2 x (C8 : Q8)	16	8	true	;3,4,5,6,7,8;2,6,7,8;2,6,7,8;2,6,7,8;2,3,4,5,7,8;2,3,4,5,6,8;2,3,4,5,6,7
SmallGroup(128,1692)	(C8 x C2) : Q8	16	8	true	;3,4,5,6,7,8;2,6,7,8;2,6,7,8;2,6,7,8;2,3,4,5,7,8;2,3,4,5,6,8;2,3,4,5,6,7
SmallGroup(128,1693)	(C8 x C2) : Q8	8	16	false	;3,5,7,8,9,10,11,12,13,14,15,16;2,4,6,8,9,10,11,12,13,14,15,16;3,7,9,11,13,14,15,16;2,6,9,10,12,14,15,16;3,5,7,8,9,10,11,12,13,14,15,16;2,4,6,8,9,10,11,12,13,14,15,16;2,3,6,7,10,11,12,13;2,3,4,5,6,7,10,11,12,13,15,16;2,3,5,6,7,8,9,11,13,14,15,16;2,3,4,6,7,8,9,10,12,14,15,16;2,3,5,6,7,8,9,11,13,14,15,16;2,3,4,6,7,8,9,10,12,14,15,16;2,3,4,5,6,7,10,11,12,13,15,16;2,3,4,5,6,7,9,10,11,12,13,14;2,3,4,5,6,7,9,10,11,12,13,14
SmallGroup(128,1696)	C8 x ((C4 x C2) : C2)	32	4	true	;3,4;2,4;2,3
SmallGroup(128,1697)	(C4 x C2) : (C8 : C2)	16	8	true	;3,4,5,6,7,8;2,6,7,8;2,6,7,8;2,6,7,8;2,3,4,5,7,8;2,3,4,5,6,8;2,3,4,5,6,7
SmallGroup(128,1698)	(C4 : (C8 : C2)) : C2	16	8	true	;3,4,5,6,7,8;2,6,7,8;2,6,7,8;2,6,7,8;2,3,4,5,7,8;2,3,4,5,6,8;2,3,4,5,6,7
SmallGroup(128,1699)	((C2 x C2) : (C8 : C2)) : C2	8	16	false	;3,5,7,8,9,10,11,12,13,14,15,16;2,4,6,8,9,10,11,12,13,14,15,16;3,7,9,11,13,14,15,16;2,6,9,10,12,14,15,16;3,5,7,8,9,10,11,12,13,14,15,16;2,4,6,8,9,10,11,12,13,14,15,16;2,3,6,7,10,11,12,13;2,3,4,5,6,7,10,11,12,13,15,16;2,3,5,6,7,8,9,11,13,14,15,16;2,3,4,6,7,8,9,10,12,14,15,16;2,3,5,6,7,8,9,11,13,14,15,16;2,3,4,6,7,8,9,10,12,14,15,16;2,3,4,5,6,7,10,11,12,13,15,16;2,3,4,5,6,7,9,10,11,12,13,14;2,3,4,5,6,7,9,10,11,12,13,14
SmallGroup(128,1704)	D8 : (C8 x C2)	8	16	false	;3,5,8,9,11,12,13,14;2,4,8,10,11,12,13,15;3,7,9,10,11,13,15,16;2,6,9,10,11,12,14,16;5,7,8,10,12,14,15,16;4,6,8,9,13,14,15,16;2,3,6,7,12,13,14,15;2,4,5,7,11,13,14,16;3,4,5,6,11,12,15,16;2,3,4,5,9,10,14,15;2,3,5,6,8,10,13,16;2,3,4,7,8,9,12,16;2,5,6,7,8,9,11,15;3,4,6,7,8,10,11,14;4,5,6,7,9,10,12,13
SmallGroup(128,1705)	(C2 x C2 x C2) : (C8 : C2)	8	16	false	;3,4,5,7,9,10,11,12,13,14,15,16;2,4,7,8,9,11,12,14;2,3,6,8,9,10,11,12,13,14,15,16;2,8,9,10,11,13,15,16;4,7,10,12,13,14,15,16;2,3,6,8,9,10,11,12,13,14,15,16;3,4,5,7,9,10,11,12,13,14,15,16;2,3,4,5,7,8,10,12,13,14,15,16;2,4,5,6,7,8,9,11,12,14,15,16;2,3,4,5,7,8,10,12,13,14,15,16;2,3,4,6,7,8,9,10,11,13,15,16;2,4,5,6,7,8,9,11,12,14,15,16;2,3,4,6,7,8,9,10,11,13,15,16;2,4,5,6,7,8,9,10,11,12,13,14;2,4,5,6,7,8,9,10,11,12,13,14
SmallGroup(128,1707)	(C4 x C2) : (C8 : C2)	8	16	false	;3,4,5,6,7,8,9,10,11,12,13,14;2,4,7,8,9,10,11,12,13,14,15,16;2,3,6,8,9,10,11,12,13,14,15,16;2,8,9,10,11,12,13,16;2,4,7,8,9,10,11,12,13,14,15,16;2,3,6,8,9,10,11,12,13,14,15,16;2,3,4,5,6,7,9,10,11,12,14,16;2,3,4,5,6,7,8,11,12,13,15,16;2,3,4,5,6,7,8,11,12,13,15,16;2,3,4,5,6,7,8,9,10,13,15,16;2,3,4,5,6,7,8,9,10,13,15,16;2,3,4,5,6,7,9,10,11,12,14,16;2,3,4,6,7,8,13,16;3,4,6,7,9,10,11,12;3,4,5,6,7,8,9,10,11,12,13,14
SmallGroup(128,1708)	(C4 : C8) : (C2 x C2)	8	16	false	;3,5,7,8,9,10,11,14;2,4,5,7,9,10,11,12,13,14,15,16;3,8,9,11,12,13,15,16;2,3,6,8,9,10,11,12,13,14,15,16;5,7,10,12,13,14,15,16;2,3,6,8,9,10,11,12,13,14,15,16;2,4,5,7,9,10,11,12,13,14,15,16;2,3,4,5,7,8,10,12,13,14,15,16;2,3,5,6,7,8,9,11,12,13,15,16;2,3,4,5,7,8,10,12,13,14,15,16;3,4,5,6,7,8,9,10,11,14,15,16;3,4,5,6,7,8,9,10,11,14,15,16;2,3,5,6,7,8,9,11,12,13,15,16;3,4,5,6,7,8,9,10,11,12,13,14;3,4,5,6,7,8,9,10,11,12,13,14
SmallGroup(128,1710)	(C4 : C8) : (C2 x C2)	8	16	true	;3,4,5,6,7,8,9,10,13,14,15,16;2,4,5,6,7,8,9,10,11,12,13,14;2,3,7,8,9,10,11,12,13,14,15,16;2,3,7,8,9,10,11,12,13,14,15,16;2,3,7,8,9,10,11,12,13,14,15,16;2,3,4,5,6,8,9,11,12,14,15,16;2,3,4,5,6,7,10,11,12,13,15,16;2,3,4,5,6,7,10,11,12,13,15,16;2,3,4,5,6,8,9,11,12,14,15,16;3,4,5,6,7,8,9,10,13,14,15,16;3,4,5,6,7,8,9,10,13,14,15,16;2,3,4,5,6,8,9,11,12,14,15,16;2,3,4,5,6,7,10,11,12,13,15,16;2,4,5,6,7,8,9,10,11,12,13,14;2,4,5,6,7,8,9,10,11,12,13,14
SmallGroup(128,1712)	((C2 x C2) : (C8 : C2)) : C2	8	16	true	;3,4,5,6,7,8,9,11,12,14,15,16;2,4,5,6,8,9,10,11,13,14,15,16;2,3,5,6,7,9,10,11,12,13,15,16;2,3,4,6,7,8,10,11,12,13,14,16;2,3,4,5,7,8,9,10,12,13,14,15;2,4,5,6,8,9,10,11,13,14,15,16;2,3,5,6,7,9,10,11,12,13,15,16;2,3,4,6,7,8,10,11,12,13,14,16;3,4,5,6,7,8,9,11,12,14,15,16;2,3,4,5,7,8,9,10,12,13,14,15;2,4,5,6,8,9,10,11,13,14,15,16;3,4,5,6,7,8,9,11,12,14,15,16;2,3,5,6,7,9,10,11,12,13,15,16;2,3,4,6,7,8,10,11,12,13,14,16;2,3,4,5,7,8,9,10,12,13,14,15
SmallGroup(128,1713)	((C2 x C2) : (C8 : C2)) : C2	8	16	false	;3,5,7,8,10,11,13,14;2,4,5,6,7,8,9,10,11,12,13,15;3,5,7,8,9,10,11,12,13,14,15,16;2,3,4,6,7,8,9,10,11,12,14,16;3,5,7,8,9,10,11,12,13,14,15,16;2,3,4,5,6,8,9,11,12,13,14,15;2,3,4,5,6,7,9,10,12,13,14,16;3,4,5,6,7,8,10,11,13,14,15,16;2,3,4,5,6,8,9,11,12,13,14,15;2,3,4,5,6,7,9,10,12,13,14,16;3,4,5,6,7,8,10,11,13,14,15,16;2,3,4,6,7,8,9,10,11,12,14,16;2,4,5,6,7,8,9,10,11,12,13,15;3,4,6,7,9,10,12,14;4,5,6,8,9,11,12,13
SmallGroup(128,1714)	(C2 x Q8) : C8	8	16	false	;3,5,8,9,11,12,13,14;2,4,8,10,11,12,13,15;3,7,9,10,11,13,15,16;2,6,9,10,11,12,14,16;5,7,8,10,12,14,15,16;4,6,8,9,13,14,15,16;2,3,6,7,12,13,14,15;2,4,5,7,11,13,14,16;3,4,5,6,11,12,15,16;2,3,4,5,9,10,14,15;2,3,5,6,8,10,13,16;2,3,4,7,8,9,12,16;2,5,6,7,8,9,11,15;3,4,6,7,8,10,11,14;4,5,6,7,9,10,12,13
SmallGroup(128,1715)	(C8 : Q8) : C2	8	16	false	;3,4,5,7,9,10,11,12,13,14,15,16;2,4,7,8,9,11,12,14;2,3,6,8,9,10,11,12,13,14,15,16;2,8,9,10,11,13,15,16;4,7,10,12,13,14,15,16;2,3,6,8,9,10,11,12,13,14,15,16;3,4,5,7,9,10,11,12,13,14,15,16;2,3,4,5,7,8,10,12,13,14,15,16;2,4,5,6,7,8,9,11,12,14,15,16;2,3,4,5,7,8,10,12,13,14,15,16;2,3,4,6,7,8,9,10,11,13,15,16;2,4,5,6,7,8,9,11,12,14,15,16;2,3,4,6,7,8,9,10,11,13,15,16;2,4,5,6,7,8,9,10,11,12,13,14;2,4,5,6,7,8,9,10,11,12,13,14
SmallGroup(128,1717)	(C8 : Q8) : C2	8	16	false	;3,5,7,8,9,10,11,14;2,4,5,7,9,10,11,12,13,14,15,16;3,8,9,11,12,13,15,16;2,3,6,8,9,10,11,12,13,14,15,16;5,7,10,12,13,14,15,16;2,3,6,8,9,10,11,12,13,14,15,16;2,4,5,7,9,10,11,12,13,14,15,16;2,3,4,5,7,8,10,12,13,14,15,16;2,3,5,6,7,8,9,11,12,13,15,16;2,3,4,5,7,8,10,12,13,14,15,16;3,4,5,6,7,8,9,10,11,14,15,16;3,4,5,6,7,8,9,10,11,14,15,16;2,3,5,6,7,8,9,11,12,13,15,16;3,4,5,6,7,8,9,10,11,12,13,14;3,4,5,6,7,8,9,10,11,12,13,14
SmallGroup(128,1719)	(C8 : Q8) : C2	8	16	true	;3,4,5,6,7,8,9,10,13,14,15,16;2,4,5,6,7,8,9,10,11,12,13,14;2,3,7,8,9,10,11,12,13,14,15,16;2,3,7,8,9,10,11,12,13,14,15,16;2,3,7,8,9,10,11,12,13,14,15,16;2,3,4,5,6,8,9,11,12,14,15,16;2,3,4,5,6,7,10,11,12,13,15,16;2,3,4,5,6,7,10,11,12,13,15,16;2,3,4,5,6,8,9,11,12,14,15,16;3,4,5,6,7,8,9,10,13,14,15,16;3,4,5,6,7,8,9,10,13,14,15,16;2,3,4,5,6,8,9,11,12,14,15,16;2,3,4,5,6,7,10,11,12,13,15,16;2,4,5,6,7,8,9,10,11,12,13,14;2,4,5,6,7,8,9,10,11,12,13,14
SmallGroup(128,1720)	Q8 : (C8 x C2)	8	16	false	;3,5,8,9,11,12,13,14;2,4,8,10,11,12,13,15;3,7,9,10,11,13,15,16;2,6,9,10,11,12,14,16;5,7,8,10,12,14,15,16;4,6,8,9,13,14,15,16;2,3,6,7,12,13,14,15;2,4,5,7,11,13,14,16;3,4,5,6,11,12,15,16;2,3,4,5,9,10,14,15;2,3,5,6,8,10,13,16;2,3,4,7,8,9,12,16;2,5,6,7,8,9,11,15;3,4,6,7,8,10,11,14;4,5,6,7,9,10,12,13
SmallGroup(128,1721)	(C4 x C2) : (C8 : C2)	8	16	false	;3,4,5,7,9,10,11,12,13,14,15,16;2,4,7,8,9,11,12,14;2,3,6,8,9,10,11,12,13,14,15,16;2,8,9,10,11,13,15,16;4,7,10,12,13,14,15,16;2,3,6,8,9,10,11,12,13,14,15,16;3,4,5,7,9,10,11,12,13,14,15,16;2,3,4,5,7,8,10,12,13,14,15,16;2,4,5,6,7,8,9,11,12,14,15,16;2,3,4,5,7,8,10,12,13,14,15,16;2,3,4,6,7,8,9,10,11,13,15,16;2,4,5,6,7,8,9,11,12,14,15,16;2,3,4,6,7,8,9,10,11,13,15,16;2,4,5,6,7,8,9,10,11,12,13,14;2,4,5,6,7,8,9,10,11,12,13,14
SmallGroup(128,1724)	(C8 : Q8) : C2	8	16	false	;3,5,7,8,9,10,11,14;2,4,5,7,9,10,11,12,13,14,15,16;3,8,9,11,12,13,15,16;2,3,6,8,9,10,11,12,13,14,15,16;5,7,10,12,13,14,15,16;2,3,6,8,9,10,11,12,13,14,15,16;2,4,5,7,9,10,11,12,13,14,15,16;2,3,4,5,7,8,10,12,13,14,15,16;2,3,5,6,7,8,9,11,12,13,15,16;2,3,4,5,7,8,10,12,13,14,15,16;3,4,5,6,7,8,9,10,11,14,15,16;3,4,5,6,7,8,9,10,11,14,15,16;2,3,5,6,7,8,9,11,12,13,15,16;3,4,5,6,7,8,9,10,11,12,13,14;3,4,5,6,7,8,9,10,11,12,13,14
SmallGroup(128,1725)	(C8 : Q8) : C2	8	16	false	;3,4,5,6,7,8,9,10,12,14,15,16;2,4,5,6,7,9,10,11,13,14,15,16;2,3,7,8,9,10,11,12,13,14,15,16;2,3,7,8,9,10,11,12,13,14,15,16;2,3,8,9,10,11,15,16;2,3,4,5,8,9,10,11,12,13,15,16;2,4,5,6,7,9,10,11,13,14,15,16;2,3,4,5,6,7,8,10,11,13,14,15;2,3,4,5,6,7,8,9,11,12,14,16;3,4,5,6,7,8,9,10,12,14,15,16;2,4,5,7,10,11,14,15;3,4,5,7,8,9,14,16;2,3,4,5,8,9,10,11,12,13,15,16;2,3,4,5,6,7,8,9,11,12,14,16;2,3,4,5,6,7,8,10,11,13,14,15
SmallGroup(128,1727)	(C8 : Q8) : C2	8	16	true	;3,4,5,6,7,8,9,10,13,14,15,16;2,4,5,6,7,8,9,10,11,12,13,14;2,3,7,8,9,10,11,12,13,14,15,16;2,3,7,8,9,10,11,12,13,14,15,16;2,3,7,8,9,10,11,12,13,14,15,16;2,3,4,5,6,8,9,11,12,14,15,16;2,3,4,5,6,7,10,11,12,13,15,16;2,3,4,5,6,7,10,11,12,13,15,16;2,3,4,5,6,8,9,11,12,14,15,16;3,4,5,6,7,8,9,10,13,14,15,16;3,4,5,6,7,8,9,10,13,14,15,16;2,3,4,5,6,8,9,11,12,14,15,16;2,3,4,5,6,7,10,11,12,13,15,16;2,4,5,6,7,8,9,10,11,12,13,14;2,4,5,6,7,8,9,10,11,12,13,14
SmallGroup(128,2136)	C16 x C2 x C2 x C2	128	1	true	
SmallGroup(128,2137)	C2 x C2 x (C16 : C2)	32	4	true	;3,4;2,4;2,3
SmallGroup(128,2138)	C2 x ((C16 x C2) : C2)	32	4	true	;3,4;2,4;2,3
SmallGroup(128,2139)	(C16 x C2) : (C2 x C2)	8	16	false	;5,8,9,10,12,14,15,16;4,7,9,11,12,13,15,16;3,6,8,11,12,13,14,16;2,6,7,10,12,13,14,15;4,5,7,8,10,11,13,14;3,5,6,9,10,11,13,15;2,4,6,9,10,11,14,16;2,3,7,8,10,11,15,16;2,5,6,7,8,9,13,16;3,4,6,7,8,9,14,15;2,3,4,5,13,14,15,16;3,4,5,6,7,10,12,16;2,4,5,6,8,11,12,15;2,3,5,7,9,11,12,14;2,3,4,8,9,10,12,13
SmallGroup(128,2150)	C4 x C4 x C2 x C2 x C2	128	1	true	
SmallGroup(128,2151)	C2 x C2 x C2 x ((C4 x C2) : C2)	32	4	true	;3,4;2,4;2,3
SmallGroup(128,2152)	C2 x C2 x C2 x (C4 : C4)	32	4	true	;3,4;2,4;2,3
SmallGroup(128,2153)	C2 x C2 x ((C4 x C4) : C2)	32	4	true	;3,4;2,4;2,3
SmallGroup(128,2154)	C2 x C2 x C4 x D8	32	4	true	;3,4;2,4;2,3
SmallGroup(128,2155)	C2 x C2 x C4 x Q8	32	4	true	;3,4;2,4;2,3
SmallGroup(128,2156)	C2 x C4 x ((C4 x C2) : C2)	32	4	true	;3,4;2,4;2,3
SmallGroup(128,2157)	C2 x (D8 : (C4 x C2))	8	16	false	;3,5,8,9,11,12,13,14;2,4,8,10,11,12,13,15;3,7,9,10,11,13,15,16;2,6,9,10,11,12,14,16;5,7,8,10,12,14,15,16;4,6,8,9,13,14,15,16;2,3,6,7,12,13,14,15;2,4,5,7,11,13,14,16;3,4,5,6,11,12,15,16;2,3,4,5,9,10,14,15;2,3,5,6,8,10,13,16;2,3,4,7,8,9,12,16;2,5,6,7,8,9,11,15;3,4,6,7,8,10,11,14;4,5,6,7,9,10,12,13
SmallGroup(128,2158)	C2 x ((C2 x Q8) : C4)	8	16	false	;3,5,8,9,11,12,13,14;2,4,8,10,11,12,13,15;3,7,9,10,11,13,15,16;2,6,9,10,11,12,14,16;5,7,8,10,12,14,15,16;4,6,8,9,13,14,15,16;2,3,6,7,12,13,14,15;2,4,5,7,11,13,14,16;3,4,5,6,11,12,15,16;2,3,4,5,9,10,14,15;2,3,5,6,8,10,13,16;2,3,4,7,8,9,12,16;2,5,6,7,8,9,11,15;3,4,6,7,8,10,11,14;4,5,6,7,9,10,12,13
SmallGroup(128,2159)	C2 x (Q8 : (C4 x C2))	8	16	false	;3,5,8,9,11,12,13,14;2,4,8,10,11,12,13,15;3,7,9,10,11,13,15,16;2,6,9,10,11,12,14,16;5,7,8,10,12,14,15,16;4,6,8,9,13,14,15,16;2,3,6,7,12,13,14,15;2,4,5,7,11,13,14,16;3,4,5,6,11,12,15,16;2,3,4,5,9,10,14,15;2,3,5,6,8,10,13,16;2,3,4,7,8,9,12,16;2,5,6,7,8,9,11,15;3,4,6,7,8,10,11,14;4,5,6,7,9,10,12,13
SmallGroup(128,2160)	((C4 x C2) : C2) : (C4 x C2)	8	16	false	;3,5,8,9,11,12,13,14;2,4,8,10,11,12,13,15;3,7,9,10,11,13,15,16;2,6,9,10,11,12,14,16;5,7,8,10,12,14,15,16;4,6,8,9,13,14,15,16;2,3,6,7,12,13,14,15;2,4,5,7,11,13,14,16;3,4,5,6,11,12,15,16;2,3,4,5,9,10,14,15;2,3,5,6,8,10,13,16;2,3,4,7,8,9,12,16;2,5,6,7,8,9,11,15;3,4,6,7,8,10,11,14;4,5,6,7,9,10,12,13
SmallGroup(128,2161)	C4 x ((C2 x C2 x C2) : (C2 x C2))	8	16	false	;3,5,8,9,11,12,13,14;2,4,8,10,11,12,13,15;3,7,9,10,11,13,15,16;2,6,9,10,11,12,14,16;5,7,8,10,12,14,15,16;4,6,8,9,13,14,15,16;2,3,6,7,12,13,14,15;2,4,5,7,11,13,14,16;3,4,5,6,11,12,15,16;2,3,4,5,9,10,14,15;2,3,5,6,8,10,13,16;2,3,4,7,8,9,12,16;2,5,6,7,8,9,11,15;3,4,6,7,8,10,11,14;4,5,6,7,9,10,12,13
SmallGroup(128,2162)	C4 x ((C2 x Q8) : C2)	8	16	false	;3,5,8,9,11,12,13,14;2,4,8,10,11,12,13,15;3,7,9,10,11,13,15,16;2,6,9,10,11,12,14,16;5,7,8,10,12,14,15,16;4,6,8,9,13,14,15,16;2,3,6,7,12,13,14,15;2,4,5,7,11,13,14,16;3,4,5,6,11,12,15,16;2,3,4,5,9,10,14,15;2,3,5,6,8,10,13,16;2,3,4,7,8,9,12,16;2,5,6,7,8,9,11,15;3,4,6,7,8,10,11,14;4,5,6,7,9,10,12,13
SmallGroup(128,2163)	C2 x C2 x ((C2 x C2 x C2 x C2) : C2)	16	8	true	;3,4,5,6,7,8;2,6,7,8;2,6,7,8;2,6,7,8;2,3,4,5,7,8;2,3,4,5,6,8;2,3,4,5,6,7
SmallGroup(128,2164)	C2 x C2 x ((C4 x C2 x C2) : C2)	16	8	true	;3,4,5,6,7,8;2,6,7,8;2,6,7,8;2,6,7,8;2,3,4,5,7,8;2,3,4,5,6,8;2,3,4,5,6,7
SmallGroup(128,2165)	C2 x C2 x ((C2 x Q8) : C2)	16	8	true	;3,4,5,6,7,8;2,6,7,8;2,6,7,8;2,6,7,8;2,3,4,5,7,8;2,3,4,5,6,8;2,3,4,5,6,7
SmallGroup(128,2166)	C2 x C2 x ((C4 x C2 x C2) : C2)	16	8	true	;3,4,5,6,7,8;2,6,7,8;2,6,7,8;2,6,7,8;2,3,4,5,7,8;2,3,4,5,6,8;2,3,4,5,6,7
SmallGroup(128,2167)	C2 x ((C2 x C2) : ((C4 x C2) : C2))	16	8	true	;3,4,5,6,7,8;2,6,7,8;2,6,7,8;2,6,7,8;2,3,4,5,7,8;2,3,4,5,6,8;2,3,4,5,6,7
SmallGroup(128,2168)	C2 x C2 x ((C4 x C4) : C2)	16	8	true	;3,4,5,6,7,8;2,6,7,8;2,6,7,8;2,6,7,8;2,3,4,5,7,8;2,3,4,5,6,8;2,3,4,5,6,7
SmallGroup(128,2169)	C2 x C2 x ((C2 x C2) . (C2 x C2 x C2))	16	8	true	;3,4,5,6,7,8;2,6,7,8;2,6,7,8;2,6,7,8;2,3,4,5,7,8;2,3,4,5,6,8;2,3,4,5,6,7
SmallGroup(128,2170)	C2 x C2 x ((C4 x C4) : C2)	16	8	true	;3,4,5,6,7,8;2,6,7,8;2,6,7,8;2,6,7,8;2,3,4,5,7,8;2,3,4,5,6,8;2,3,4,5,6,7
SmallGroup(128,2171)	C2 x (((C4 x C4) : C2) : C2)	16	8	true	;3,4,5,6,7,8;2,6,7,8;2,6,7,8;2,6,7,8;2,3,4,5,7,8;2,3,4,5,6,8;2,3,4,5,6,7
SmallGroup(128,2172)	C2 x C2 x ((C4 x C4) : C2)	16	8	true	;3,4,5,6,7,8;2,6,7,8;2,6,7,8;2,6,7,8;2,3,4,5,7,8;2,3,4,5,6,8;2,3,4,5,6,7
SmallGroup(128,2173)	C2 x C2 x (C4 : Q8)	16	8	true	;3,4,5,6,7,8;2,6,7,8;2,6,7,8;2,6,7,8;2,3,4,5,7,8;2,3,4,5,6,8;2,3,4,5,6,7
SmallGroup(128,2174)	C2 x (C4 : ((C4 x C2) : C2))	16	8	true	;3,4,5,6,7,8;2,6,7,8;2,6,7,8;2,6,7,8;2,3,4,5,7,8;2,3,4,5,6,8;2,3,4,5,6,7
SmallGroup(128,2175)	C2 x ((C4 x C2) : Q8)	16	8	true	;3,4,5,6,7,8;2,6,7,8;2,6,7,8;2,6,7,8;2,3,4,5,7,8;2,3,4,5,6,8;2,3,4,5,6,7
SmallGroup(128,2176)	(C4 x C2) : ((C4 x C2) : C2)	16	8	true	;3,4,5,6,7,8;2,6,7,8;2,6,7,8;2,6,7,8;2,3,4,5,7,8;2,3,4,5,6,8;2,3,4,5,6,7
SmallGroup(128,2177)	C2 x ((C2 x C2 x C2) : D8)	8	16	false	;3,4,5,7,9,10,11,12,13,14,15,16;2,4,7,8,9,11,12,14;2,3,6,8,9,10,11,12,13,14,15,16;2,8,9,10,11,13,15,16;4,7,10,12,13,14,15,16;2,3,6,8,9,10,11,12,13,14,15,16;3,4,5,7,9,10,11,12,13,14,15,16;2,3,4,5,7,8,10,12,13,14,15,16;2,4,5,6,7,8,9,11,12,14,15,16;2,3,4,5,7,8,10,12,13,14,15,16;2,3,4,6,7,8,9,10,11,13,15,16;2,4,5,6,7,8,9,11,12,14,15,16;2,3,4,6,7,8,9,10,11,13,15,16;2,4,5,6,7,8,9,10,11,12,13,14;2,4,5,6,7,8,9,10,11,12,13,14
SmallGroup(128,2178)	C2 x ((C4 x C2) : D8)	8	16	false	;3,4,5,7,9,10,11,12,13,14,15,16;2,4,7,8,9,11,12,14;2,3,6,8,9,10,11,12,13,14,15,16;2,8,9,10,11,13,15,16;4,7,10,12,13,14,15,16;2,3,6,8,9,10,11,12,13,14,15,16;3,4,5,7,9,10,11,12,13,14,15,16;2,3,4,5,7,8,10,12,13,14,15,16;2,4,5,6,7,8,9,11,12,14,15,16;2,3,4,5,7,8,10,12,13,14,15,16;2,3,4,6,7,8,9,10,11,13,15,16;2,4,5,6,7,8,9,11,12,14,15,16;2,3,4,6,7,8,9,10,11,13,15,16;2,4,5,6,7,8,9,10,11,12,13,14;2,4,5,6,7,8,9,10,11,12,13,14
SmallGroup(128,2179)	C2 x (((C2 x Q8) : C2) : C2)	8	16	false	;3,4,5,7,9,10,11,12,13,14,15,16;2,4,7,8,9,11,12,14;2,3,6,8,9,10,11,12,13,14,15,16;2,8,9,10,11,13,15,16;4,7,10,12,13,14,15,16;2,3,6,8,9,10,11,12,13,14,15,16;3,4,5,7,9,10,11,12,13,14,15,16;2,3,4,5,7,8,10,12,13,14,15,16;2,4,5,6,7,8,9,11,12,14,15,16;2,3,4,5,7,8,10,12,13,14,15,16;2,3,4,6,7,8,9,10,11,13,15,16;2,4,5,6,7,8,9,11,12,14,15,16;2,3,4,6,7,8,9,10,11,13,15,16;2,4,5,6,7,8,9,10,11,12,13,14;2,4,5,6,7,8,9,10,11,12,13,14
SmallGroup(128,2180)	C2 x ((C4 x C2) : D8)	8	16	false	;3,4,5,7,9,10,11,12,13,14,15,16;2,4,7,8,9,11,12,14;2,3,6,8,9,10,11,12,13,14,15,16;2,8,9,10,11,13,15,16;4,7,10,12,13,14,15,16;2,3,6,8,9,10,11,12,13,14,15,16;3,4,5,7,9,10,11,12,13,14,15,16;2,3,4,5,7,8,10,12,13,14,15,16;2,4,5,6,7,8,9,11,12,14,15,16;2,3,4,5,7,8,10,12,13,14,15,16;2,3,4,6,7,8,9,10,11,13,15,16;2,4,5,6,7,8,9,11,12,14,15,16;2,3,4,6,7,8,9,10,11,13,15,16;2,4,5,6,7,8,9,10,11,12,13,14;2,4,5,6,7,8,9,10,11,12,13,14
SmallGroup(128,2181)	(C4 x C2 x C2) : D8	8	16	false	;3,4,5,7,9,10,11,12,13,14,15,16;2,4,7,8,9,11,12,14;2,3,6,8,9,10,11,12,13,14,15,16;2,8,9,10,11,13,15,16;4,7,10,12,13,14,15,16;2,3,6,8,9,10,11,12,13,14,15,16;3,4,5,7,9,10,11,12,13,14,15,16;2,3,4,5,7,8,10,12,13,14,15,16;2,4,5,6,7,8,9,11,12,14,15,16;2,3,4,5,7,8,10,12,13,14,15,16;2,3,4,6,7,8,9,10,11,13,15,16;2,4,5,6,7,8,9,11,12,14,15,16;2,3,4,6,7,8,9,10,11,13,15,16;2,4,5,6,7,8,9,10,11,12,13,14;2,4,5,6,7,8,9,10,11,12,13,14
SmallGroup(128,2182)	C2 x ((C2 x Q8) : (C2 x C2))	8	16	false	;3,4,5,7,9,10,11,12,13,14,15,16;2,4,7,8,9,11,12,14;2,3,6,8,9,10,11,12,13,14,15,16;2,8,9,10,11,13,15,16;4,7,10,12,13,14,15,16;2,3,6,8,9,10,11,12,13,14,15,16;3,4,5,7,9,10,11,12,13,14,15,16;2,3,4,5,7,8,10,12,13,14,15,16;2,4,5,6,7,8,9,11,12,14,15,16;2,3,4,5,7,8,10,12,13,14,15,16;2,3,4,6,7,8,9,10,11,13,15,16;2,4,5,6,7,8,9,11,12,14,15,16;2,3,4,6,7,8,9,10,11,13,15,16;2,4,5,6,7,8,9,10,11,12,13,14;2,4,5,6,7,8,9,10,11,12,13,14
SmallGroup(128,2183)	C2 x (((C4 x C4) : C2) : C2)	8	16	false	;3,4,5,7,9,10,11,12,13,14,15,16;2,4,7,8,9,11,12,14;2,3,6,8,9,10,11,12,13,14,15,16;2,8,9,10,11,13,15,16;4,7,10,12,13,14,15,16;2,3,6,8,9,10,11,12,13,14,15,16;3,4,5,7,9,10,11,12,13,14,15,16;2,3,4,5,7,8,10,12,13,14,15,16;2,4,5,6,7,8,9,11,12,14,15,16;2,3,4,5,7,8,10,12,13,14,15,16;2,3,4,6,7,8,9,10,11,13,15,16;2,4,5,6,7,8,9,11,12,14,15,16;2,3,4,6,7,8,9,10,11,13,15,16;2,4,5,6,7,8,9,10,11,12,13,14;2,4,5,6,7,8,9,10,11,12,13,14
SmallGroup(128,2184)	C2 x (((C4 x C2 x C2) : C2) : C2)	8	16	false	;3,4,5,7,9,10,11,12,13,14,15,16;2,4,7,8,9,11,12,14;2,3,6,8,9,10,11,12,13,14,15,16;2,8,9,10,11,13,15,16;4,7,10,12,13,14,15,16;2,3,6,8,9,10,11,12,13,14,15,16;3,4,5,7,9,10,11,12,13,14,15,16;2,3,4,5,7,8,10,12,13,14,15,16;2,4,5,6,7,8,9,11,12,14,15,16;2,3,4,5,7,8,10,12,13,14,15,16;2,3,4,6,7,8,9,10,11,13,15,16;2,4,5,6,7,8,9,11,12,14,15,16;2,3,4,6,7,8,9,10,11,13,15,16;2,4,5,6,7,8,9,10,11,12,13,14;2,4,5,6,7,8,9,10,11,12,13,14
SmallGroup(128,2185)	C2 x (((C2 x C2) . (C2 x C2 x C2)) : C2)	8	16	false	;3,4,5,7,9,10,11,12,13,14,15,16;2,4,7,8,9,11,12,14;2,3,6,8,9,10,11,12,13,14,15,16;2,8,9,10,11,13,15,16;4,7,10,12,13,14,15,16;2,3,6,8,9,10,11,12,13,14,15,16;3,4,5,7,9,10,11,12,13,14,15,16;2,3,4,5,7,8,10,12,13,14,15,16;2,4,5,6,7,8,9,11,12,14,15,16;2,3,4,5,7,8,10,12,13,14,15,16;2,3,4,6,7,8,9,10,11,13,15,16;2,4,5,6,7,8,9,11,12,14,15,16;2,3,4,6,7,8,9,10,11,13,15,16;2,4,5,6,7,8,9,10,11,12,13,14;2,4,5,6,7,8,9,10,11,12,13,14
SmallGroup(128,2186)	C2 x (((C2 x Q8) : C2) : C2)	8	16	false	;3,4,5,7,9,10,11,12,13,14,15,16;2,4,7,8,9,11,12,14;2,3,6,8,9,10,11,12,13,14,15,16;2,8,9,10,11,13,15,16;4,7,10,12,13,14,15,16;2,3,6,8,9,10,11,12,13,14,15,16;3,4,5,7,9,10,11,12,13,14,15,16;2,3,4,5,7,8,10,12,13,14,15,16;2,4,5,6,7,8,9,11,12,14,15,16;2,3,4,5,7,8,10,12,13,14,15,16;2,3,4,6,7,8,9,10,11,13,15,16;2,4,5,6,7,8,9,11,12,14,15,16;2,3,4,6,7,8,9,10,11,13,15,16;2,4,5,6,7,8,9,10,11,12,13,14;2,4,5,6,7,8,9,10,11,12,13,14
SmallGroup(128,2187)	((C4 x C2 x C2) : C2) : (C2 x C2)	8	16	false	;3,4,5,7,9,10,11,12,13,14,15,16;2,4,7,8,9,11,12,14;2,3,6,8,9,10,11,12,13,14,15,16;2,8,9,10,11,13,15,16;4,7,10,12,13,14,15,16;2,3,6,8,9,10,11,12,13,14,15,16;3,4,5,7,9,10,11,12,13,14,15,16;2,3,4,5,7,8,10,12,13,14,15,16;2,4,5,6,7,8,9,11,12,14,15,16;2,3,4,5,7,8,10,12,13,14,15,16;2,3,4,6,7,8,9,10,11,13,15,16;2,4,5,6,7,8,9,11,12,14,15,16;2,3,4,6,7,8,9,10,11,13,15,16;2,4,5,6,7,8,9,10,11,12,13,14;2,4,5,6,7,8,9,10,11,12,13,14
SmallGroup(128,2188)	C2 x ((C2 x C2 x C2) : Q8)	8	16	false	;3,4,5,7,9,10,11,12,13,14,15,16;2,4,7,8,9,11,12,14;2,3,6,8,9,10,11,12,13,14,15,16;2,8,9,10,11,13,15,16;4,7,10,12,13,14,15,16;2,3,6,8,9,10,11,12,13,14,15,16;3,4,5,7,9,10,11,12,13,14,15,16;2,3,4,5,7,8,10,12,13,14,15,16;2,4,5,6,7,8,9,11,12,14,15,16;2,3,4,5,7,8,10,12,13,14,15,16;2,3,4,6,7,8,9,10,11,13,15,16;2,4,5,6,7,8,9,11,12,14,15,16;2,3,4,6,7,8,9,10,11,13,15,16;2,4,5,6,7,8,9,10,11,12,13,14;2,4,5,6,7,8,9,10,11,12,13,14
SmallGroup(128,2189)	C2 x ((C4 x C2) : Q8)	8	16	false	;3,4,5,7,9,10,11,12,13,14,15,16;2,4,7,8,9,11,12,14;2,3,6,8,9,10,11,12,13,14,15,16;2,8,9,10,11,13,15,16;4,7,10,12,13,14,15,16;2,3,6,8,9,10,11,12,13,14,15,16;3,4,5,7,9,10,11,12,13,14,15,16;2,3,4,5,7,8,10,12,13,14,15,16;2,4,5,6,7,8,9,11,12,14,15,16;2,3,4,5,7,8,10,12,13,14,15,16;2,3,4,6,7,8,9,10,11,13,15,16;2,4,5,6,7,8,9,11,12,14,15,16;2,3,4,6,7,8,9,10,11,13,15,16;2,4,5,6,7,8,9,10,11,12,13,14;2,4,5,6,7,8,9,10,11,12,13,14
SmallGroup(128,2190)	(C4 x C2 x C2) : Q8	8	16	false	;3,4,5,7,9,10,11,12,13,14,15,16;2,4,7,8,9,11,12,14;2,3,6,8,9,10,11,12,13,14,15,16;2,8,9,10,11,13,15,16;4,7,10,12,13,14,15,16;2,3,6,8,9,10,11,12,13,14,15,16;3,4,5,7,9,10,11,12,13,14,15,16;2,3,4,5,7,8,10,12,13,14,15,16;2,4,5,6,7,8,9,11,12,14,15,16;2,3,4,5,7,8,10,12,13,14,15,16;2,3,4,6,7,8,9,10,11,13,15,16;2,4,5,6,7,8,9,11,12,14,15,16;2,3,4,6,7,8,9,10,11,13,15,16;2,4,5,6,7,8,9,10,11,12,13,14;2,4,5,6,7,8,9,10,11,12,13,14
SmallGroup(128,2191)	(C2 x C2 x C2) : ((C4 x C2) : C2)	8	16	false	;3,4,5,7,9,10,11,12,13,14,15,16;2,4,7,8,9,11,12,14;2,3,6,8,9,10,11,12,13,14,15,16;2,8,9,10,11,13,15,16;4,7,10,12,13,14,15,16;2,3,6,8,9,10,11,12,13,14,15,16;3,4,5,7,9,10,11,12,13,14,15,16;2,3,4,5,7,8,10,12,13,14,15,16;2,4,5,6,7,8,9,11,12,14,15,16;2,3,4,5,7,8,10,12,13,14,15,16;2,3,4,6,7,8,9,10,11,13,15,16;2,4,5,6,7,8,9,11,12,14,15,16;2,3,4,6,7,8,9,10,11,13,15,16;2,4,5,6,7,8,9,10,11,12,13,14;2,4,5,6,7,8,9,10,11,12,13,14
SmallGroup(128,2192)	(C4 x C2) : ((C4 x C2) : C2)	8	16	false	;3,4,5,7,9,10,11,12,13,14,15,16;2,4,7,8,9,11,12,14;2,3,6,8,9,10,11,12,13,14,15,16;2,8,9,10,11,13,15,16;4,7,10,12,13,14,15,16;2,3,6,8,9,10,11,12,13,14,15,16;3,4,5,7,9,10,11,12,13,14,15,16;2,3,4,5,7,8,10,12,13,14,15,16;2,4,5,6,7,8,9,11,12,14,15,16;2,3,4,5,7,8,10,12,13,14,15,16;2,3,4,6,7,8,9,10,11,13,15,16;2,4,5,6,7,8,9,11,12,14,15,16;2,3,4,6,7,8,9,10,11,13,15,16;2,4,5,6,7,8,9,10,11,12,13,14;2,4,5,6,7,8,9,10,11,12,13,14
SmallGroup(128,2193)	(((C2 x Q8) : C2) : C2) : C2	8	16	false	;3,4,5,7,9,10,11,12,13,14,15,16;2,4,7,8,9,11,12,14;2,3,6,8,9,10,11,12,13,14,15,16;2,8,9,10,11,13,15,16;4,7,10,12,13,14,15,16;2,3,6,8,9,10,11,12,13,14,15,16;3,4,5,7,9,10,11,12,13,14,15,16;2,3,4,5,7,8,10,12,13,14,15,16;2,4,5,6,7,8,9,11,12,14,15,16;2,3,4,5,7,8,10,12,13,14,15,16;2,3,4,6,7,8,9,10,11,13,15,16;2,4,5,6,7,8,9,11,12,14,15,16;2,3,4,6,7,8,9,10,11,13,15,16;2,4,5,6,7,8,9,10,11,12,13,14;2,4,5,6,7,8,9,10,11,12,13,14
SmallGroup(128,2257)	C2 x ((C4 : C4) : (C2 x C2))	8	16	true	;3,4,5,6,7,8,9,10,11,12,14,16;2,4,5,6,7,8,9,10,11,13,14,15;2,3,7,8,9,10,11,12,13,14,15,16;2,3,7,8,9,10,11,12,13,14,15,16;2,3,7,8,9,10,11,12,13,14,15,16;2,3,4,5,6,8,9,12,13,14,15,16;2,3,4,5,6,7,10,11,12,13,15,16;2,3,4,5,6,7,10,11,12,13,15,16;2,3,4,5,6,8,9,12,13,14,15,16;2,3,4,5,6,8,9,12,13,14,15,16;2,4,5,6,7,8,9,10,11,13,14,15;3,4,5,6,7,8,9,10,11,12,14,16;2,3,4,5,6,7,10,11,12,13,15,16;3,4,5,6,7,8,9,10,11,12,14,16;2,4,5,6,7,8,9,10,11,13,14,15
SmallGroup(128,2258)	C2 x (((C4 x C2) : C2) : (C2 x C2))	8	16	true	;3,4,5,6,7,8,9,10,11,12,14,16;2,4,5,6,7,8,9,10,11,13,14,15;2,3,7,8,9,10,11,12,13,14,15,16;2,3,7,8,9,10,11,12,13,14,15,16;2,3,7,8,9,10,11,12,13,14,15,16;2,3,4,5,6,8,9,12,13,14,15,16;2,3,4,5,6,7,10,11,12,13,15,16;2,3,4,5,6,7,10,11,12,13,15,16;2,3,4,5,6,8,9,12,13,14,15,16;2,3,4,5,6,8,9,12,13,14,15,16;2,4,5,6,7,8,9,10,11,13,14,15;3,4,5,6,7,8,9,10,11,12,14,16;2,3,4,5,6,7,10,11,12,13,15,16;3,4,5,6,7,8,9,10,11,12,14,16;2,4,5,6,7,8,9,10,11,13,14,15
SmallGroup(128,2259)	C2 x (((C2 x C2) . (C2 x C2 x C2)) : C2)	8	16	true	;3,4,5,6,7,8,9,10,11,12,14,16;2,4,5,6,7,8,9,10,11,13,14,15;2,3,7,8,9,10,11,12,13,14,15,16;2,3,7,8,9,10,11,12,13,14,15,16;2,3,7,8,9,10,11,12,13,14,15,16;2,3,4,5,6,8,9,12,13,14,15,16;2,3,4,5,6,7,10,11,12,13,15,16;2,3,4,5,6,7,10,11,12,13,15,16;2,3,4,5,6,8,9,12,13,14,15,16;2,3,4,5,6,8,9,12,13,14,15,16;2,4,5,6,7,8,9,10,11,13,14,15;3,4,5,6,7,8,9,10,11,12,14,16;2,3,4,5,6,7,10,11,12,13,15,16;3,4,5,6,7,8,9,10,11,12,14,16;2,4,5,6,7,8,9,10,11,13,14,15
SmallGroup(128,2260)	C2 x (((C4 x C4) : C2) : C2)	8	16	true	;3,4,5,6,7,8,9,10,11,12,14,16;2,4,5,6,7,8,9,10,11,13,14,15;2,3,7,8,9,10,11,12,13,14,15,16;2,3,7,8,9,10,11,12,13,14,15,16;2,3,7,8,9,10,11,12,13,14,15,16;2,3,4,5,6,8,9,12,13,14,15,16;2,3,4,5,6,7,10,11,12,13,15,16;2,3,4,5,6,7,10,11,12,13,15,16;2,3,4,5,6,8,9,12,13,14,15,16;2,3,4,5,6,8,9,12,13,14,15,16;2,4,5,6,7,8,9,10,11,13,14,15;3,4,5,6,7,8,9,10,11,12,14,16;2,3,4,5,6,7,10,11,12,13,15,16;3,4,5,6,7,8,9,10,11,12,14,16;2,4,5,6,7,8,9,10,11,13,14,15
SmallGroup(128,2261)	((C4 x C4) : C2) : (C2 x C2)	8	16	true	;3,4,5,6,7,8,9,10,11,12,14,16;2,4,5,6,7,8,9,10,11,13,14,15;2,3,7,8,9,10,11,12,13,14,15,16;2,3,7,8,9,10,11,12,13,14,15,16;2,3,7,8,9,10,11,12,13,14,15,16;2,3,4,5,6,8,9,12,13,14,15,16;2,3,4,5,6,7,10,11,12,13,15,16;2,3,4,5,6,7,10,11,12,13,15,16;2,3,4,5,6,8,9,12,13,14,15,16;2,3,4,5,6,8,9,12,13,14,15,16;2,4,5,6,7,8,9,10,11,13,14,15;3,4,5,6,7,8,9,10,11,12,14,16;2,3,4,5,6,7,10,11,12,13,15,16;3,4,5,6,7,8,9,10,11,12,14,16;2,4,5,6,7,8,9,10,11,13,14,15
SmallGroup(128,2262)	C2 x ((C2 x C2) . (C2 x C2 x C2 x C2))	8	16	true	;3,4,5,6,7,8,9,10,11,12,14,16;2,4,5,6,7,8,9,10,11,13,14,15;2,3,7,8,9,10,11,12,13,14,15,16;2,3,7,8,9,10,11,12,13,14,15,16;2,3,7,8,9,10,11,12,13,14,15,16;2,3,4,5,6,8,9,12,13,14,15,16;2,3,4,5,6,7,10,11,12,13,15,16;2,3,4,5,6,7,10,11,12,13,15,16;2,3,4,5,6,8,9,12,13,14,15,16;2,3,4,5,6,8,9,12,13,14,15,16;2,4,5,6,7,8,9,10,11,13,14,15;3,4,5,6,7,8,9,10,11,12,14,16;2,3,4,5,6,7,10,11,12,13,15,16;3,4,5,6,7,8,9,10,11,12,14,16;2,4,5,6,7,8,9,10,11,13,14,15
SmallGroup(128,2263)	(((C2 x Q8) : C2) : C2) : C2	8	16	true	;3,4,5,6,7,8,9,10,11,12,14,16;2,4,5,6,7,8,9,10,11,13,14,15;2,3,7,8,9,10,11,12,13,14,15,16;2,3,7,8,9,10,11,12,13,14,15,16;2,3,7,8,9,10,11,12,13,14,15,16;2,3,4,5,6,8,9,12,13,14,15,16;2,3,4,5,6,7,10,11,12,13,15,16;2,3,4,5,6,7,10,11,12,13,15,16;2,3,4,5,6,8,9,12,13,14,15,16;2,3,4,5,6,8,9,12,13,14,15,16;2,4,5,6,7,8,9,10,11,13,14,15;3,4,5,6,7,8,9,10,11,12,14,16;2,3,4,5,6,7,10,11,12,13,15,16;3,4,5,6,7,8,9,10,11,12,14,16;2,4,5,6,7,8,9,10,11,13,14,15
SmallGroup(128,2301)	C8 x C2 x C2 x C2 x C2	128	1	true	
SmallGroup(128,2302)	C2 x C2 x C2 x (C8 : C2)	32	4	true	;3,4;2,4;2,3
SmallGroup(128,2303)	C2 x C2 x ((C8 x C2) : C2)	32	4	true	;3,4;2,4;2,3
SmallGroup(128,2304)	C2 x ((C8 x C2) : (C2 x C2))	8	16	false	;5,8,9,10,12,14,15,16;4,7,9,11,12,13,15,16;3,6,8,11,12,13,14,16;2,6,7,10,12,13,14,15;4,5,7,8,10,11,13,14;3,5,6,9,10,11,13,15;2,4,6,9,10,11,14,16;2,3,7,8,10,11,15,16;2,5,6,7,8,9,13,16;3,4,6,7,8,9,14,15;2,3,4,5,13,14,15,16;3,4,5,6,7,10,12,16;2,4,5,6,8,11,12,15;2,3,5,7,9,11,12,14;2,3,4,8,9,10,12,13
SmallGroup(128,2305)	(C2 x (C8 : C2)) : (C2 x C2)	8	16	false	;5,8,9,10,12,14,15,16;4,7,9,11,12,13,15,16;3,6,8,11,12,13,14,16;2,6,7,10,12,13,14,15;4,5,7,8,10,11,13,14;3,5,6,9,10,11,13,15;2,4,6,9,10,11,14,16;2,3,7,8,10,11,15,16;2,5,6,7,8,9,13,16;3,4,6,7,8,9,14,15;2,3,4,5,13,14,15,16;3,4,5,6,7,10,12,16;2,4,5,6,8,11,12,15;2,3,5,7,9,11,12,14;2,3,4,8,9,10,12,13
SmallGroup(128,2306)	C2 x C2 x C2 x D16	16	8	true	;3,4,5,6,7,8;2,4,5,6,7,8;2,3,7,8;2,3,7,8;2,3,7,8;2,3,4,5,6,8;2,3,4,5,6,7
SmallGroup(128,2307)	C2 x C2 x C2 x QD16	16	8	true	;3,4,5,6,7,8;2,4,5,6,7,8;2,3,7,8;2,3,7,8;2,3,7,8;2,3,4,5,6,8;2,3,4,5,6,7
SmallGroup(128,2308)	C2 x C2 x C2 x Q16	16	8	true	;3,4,5,6,7,8;2,4,5,6,7,8;2,3,7,8;2,3,7,8;2,3,7,8;2,3,4,5,6,8;2,3,4,5,6,7
SmallGroup(128,2309)	C2 x C2 x ((C8 x C2) : C2)	16	8	true	;3,4,5,6,7,8;2,4,5,6,7,8;2,3,7,8;2,3,7,8;2,3,7,8;2,3,4,5,6,8;2,3,4,5,6,7
SmallGroup(128,2310)	C2 x C2 x (C8 : (C2 x C2))	8	16	false	;3,4,5,6,8,9,10,12,13,14,15,16;2,5,7,8,9,10,11,12,13,14,15,16;2,8,9,10,11,12,13,16;2,3,6,11,12,13,14,15;2,5,7,8,9,10,11,12,13,14,15,16;3,6,8,9,10,14,15,16;2,3,4,6,7,9,10,11,12,13,14,15;2,3,4,6,7,8,11,12,13,14,15,16;2,3,4,6,7,8,11,12,13,14,15,16;3,4,5,6,8,9,10,12,13,14,15,16;2,3,4,5,6,8,9,10,11,14,15,16;2,3,4,5,6,8,9,10,11,14,15,16;2,3,5,6,7,8,9,10,11,12,13,16;2,3,5,6,7,8,9,10,11,12,13,16;2,3,4,6,7,9,10,11,12,13,14,15
SmallGroup(128,2311)	C2 x C2 x ((C2 x Q8) : C2)	8	16	false	;3,4,5,6,8,9,10,12,13,14,15,16;2,5,7,8,9,10,11,12,13,14,15,16;2,8,9,10,11,12,13,16;2,3,6,11,12,13,14,15;2,5,7,8,9,10,11,12,13,14,15,16;3,6,8,9,10,14,15,16;2,3,4,6,7,9,10,11,12,13,14,15;2,3,4,6,7,8,11,12,13,14,15,16;2,3,4,6,7,8,11,12,13,14,15,16;3,4,5,6,8,9,10,12,13,14,15,16;2,3,4,5,6,8,9,10,11,14,15,16;2,3,4,5,6,8,9,10,11,14,15,16;2,3,5,6,7,8,9,10,11,12,13,16;2,3,5,6,7,8,9,10,11,12,13,16;2,3,4,6,7,9,10,11,12,13,14,15
SmallGroup(128,2312)	C2 x (QD16 : (C2 x C2))	8	16	false	;3,4,5,6,8,9,10,12,13,14,15,16;2,5,7,8,9,10,11,12,13,14,15,16;2,8,9,10,11,12,13,16;2,3,6,11,12,13,14,15;2,5,7,8,9,10,11,12,13,14,15,16;3,6,8,9,10,14,15,16;2,3,4,6,7,9,10,11,12,13,14,15;2,3,4,6,7,8,11,12,13,14,15,16;2,3,4,6,7,8,11,12,13,14,15,16;3,4,5,6,8,9,10,12,13,14,15,16;2,3,4,5,6,8,9,10,11,14,15,16;2,3,4,5,6,8,9,10,11,14,15,16;2,3,5,6,7,8,9,10,11,12,13,16;2,3,5,6,7,8,9,10,11,12,13,16;2,3,4,6,7,9,10,11,12,13,14,15
SmallGroup(128,2319)	C4 x C2 x C2 x C2 x C2 x C2	128	1	true	
SmallGroup(128,2320)	C2 x C2 x C2 x C2 x D8	32	4	true	;3,4;2,4;2,3
SmallGroup(128,2321)	C2 x C2 x C2 x C2 x Q8	32	4	true	;3,4;2,4;2,3
SmallGroup(128,2322)	C2 x C2 x C2 x ((C4 x C2) : C2)	32	4	true	;3,4;2,4;2,3
SmallGroup(128,2323)	C2 x C2 x ((C2 x C2 x C2) : (C2 x C2))	8	16	false	;3,5,8,9,11,12,13,14;2,4,8,10,11,12,13,15;3,7,9,10,11,13,15,16;2,6,9,10,11,12,14,16;5,7,8,10,12,14,15,16;4,6,8,9,13,14,15,16;2,3,6,7,12,13,14,15;2,4,5,7,11,13,14,16;3,4,5,6,11,12,15,16;2,3,4,5,9,10,14,15;2,3,5,6,8,10,13,16;2,3,4,7,8,9,12,16;2,5,6,7,8,9,11,15;3,4,6,7,8,10,11,14;4,5,6,7,9,10,12,13
SmallGroup(128,2324)	C2 x C2 x ((C2 x Q8) : C2)	8	16	false	;3,5,8,9,11,12,13,14;2,4,8,10,11,12,13,15;3,7,9,10,11,13,15,16;2,6,9,10,11,12,14,16;5,7,8,10,12,14,15,16;4,6,8,9,13,14,15,16;2,3,6,7,12,13,14,15;2,4,5,7,11,13,14,16;3,4,5,6,11,12,15,16;2,3,4,5,9,10,14,15;2,3,5,6,8,10,13,16;2,3,4,7,8,9,12,16;2,5,6,7,8,9,11,15;3,4,6,7,8,10,11,14;4,5,6,7,9,10,12,13
SmallGroup(128,2325)	C2 x (((C4 x C2) : C2) : (C2 x C2))	8	16	false	;3,5,8,9,11,12,13,14;2,4,8,10,11,12,13,15;3,7,9,10,11,13,15,16;2,6,9,10,11,12,14,16;5,7,8,10,12,14,15,16;4,6,8,9,13,14,15,16;2,3,6,7,12,13,14,15;2,4,5,7,11,13,14,16;3,4,5,6,11,12,15,16;2,3,4,5,9,10,14,15;2,3,5,6,8,10,13,16;2,3,4,7,8,9,12,16;2,5,6,7,8,9,11,15;3,4,6,7,8,10,11,14;4,5,6,7,9,10,12,13
SmallGroup(128,2328)	C2 x C2 x C2 x C2 x C2 x C2 x C2	128	1	true	
